# Data Source: Blockchain.com Public Charts API (https://www.blockchain.com/explorer/charts),Open,High,Low,Close,Volume,CloseUSD
1159929.49722438,,,,,,
1159929.49722438,,,,,,
1159929.49722438,,,,,,
1159929.49722438,,,,,,
1159929.49722438,,,,,,
1205343.61824952,,,,,,
1250757.73927466,,,,,,
1250757.73927466,,,,,,
1250757.73927466,,,,,,
1250757.73927466,,,,,,
1250757.73927466,,,,,,
1279243.049939365,,,,,,
1307728.36060407,,,,,,
1307728.36060407,,,,,,
1307728.36060407,,,,,,
1307728.36060407,,,,,,
1307728.36060407,,,,,,
1343687.89990918,,,,,,
1379647.43921429,,,,,,
1379647.43921429,,,,,,
1379647.43921429,,,,,,
1379647.43921429,,,,,,
1379647.43921429,,,,,,
1379647.43921429,,,,,,
1379647.43921429,,,,,,
1377974.853550335,,,,,,
1376302.26788638,,,,,,
1376302.26788638,,,,,,
1376302.26788638,,,,,,
1376302.26788638,,,,,,
1376302.26788638,,,,,,
1436640.431455975,,,,,,
1496978.59502557,,,,,,
1496978.59502557,,,,,,
1496978.59502557,,,,,,
1496978.59502557,,,,,,
1496978.59502557,,,,,,
1497636.47892104,,,,,,
1498294.36281651,,,,,,
1498294.36281651,,,,,,
1498294.36281651,,,,,,
1498294.36281651,,,,,,
1498294.36281651,,,,,,
1498294.36281651,,,,,,
1498294.36281651,,,,,,
1562423.922072725,,,,,,
1626553.48132894,,,,,,
1626553.48132894,,,,,,
1626553.48132894,,,,,,
1626553.48132894,,,,,,
1626553.48132894,,,,,,
1610340.14944487,,,,,,
1594126.8175608,,,,,,
1577913.48567673,,,,,,
1577913.48567673,,,,,,
1577913.48567673,,,,,,
1577913.48567673,,,,,,
1577913.48567673,,,,,,
1577913.48567673,,,,,,
1577913.48567673,,,,,,
1577913.48567673,,,,,,
1577913.48567673,,,,,,
1577913.48567673,,,,,,
1554805.547804583,,,,,,
1531697.6099324366,,,,,,
1508589.67206029,,,,,,
1508589.67206029,,,,,,
1508589.67206029,,,,,,
1508589.67206029,,,,,,
1508589.67206029,,,,,,
1508589.67206029,,,,,,
1508589.67206029,,,,,,
1583462.2859896566,,,,,,
1658334.8999190233,,,,,,
1733207.51384839,,,,,,
1733207.51384839,,,,,,
1733207.51384839,,,,,,
1733207.51384839,,,,,,
1733207.51384839,,,,,,
1733207.51384839,,,,,,
1733207.51384839,,,,,,
1733207.51384839,,,,,,
1733207.51384839,,,,,,
1733207.51384839,,,,,,
1685829.9965146966,,,,,,
1638452.4791810033,,,,,,
1591074.96184731,,,,,,
1591074.96184731,,,,,,
1591074.96184731,,,,,,
1591074.96184731,,,,,,
1591074.96184731,,,,,,
1591074.96184731,,,,,,
1591074.96184731,,,,,,
1591074.96184731,,,,,,
1591074.96184731,,,,,,
1591074.96184731,,,,,,
1588442.5903795434,,,,,,
1585810.2189117766,,,,,,
1583177.84744401,,,,,,
1583177.84744401,,,,,,
1583177.84744401,,,,,,
1583177.84744401,,,,,,
1630974.0846938333,,,,,,
1678770.3219436568,,,,,,
1726566.55919348,,,,,,
1726566.55919348,,,,,,
1726566.55919348,,,,,,
1726566.55919348,,,,,,
1726566.55919348,,,,,,
1726566.55919348,,,,,,
1726566.55919348,,,,,,
1726566.55919348,,,,,,
1726566.55919348,,,,,,
1726566.55919348,,,,,,
1734862.5512425466,,,,,,
1743158.5432916137,,,,,,
1751454.53534068,,,,,,
1751454.53534068,,,,,,
1751454.53534068,,,,,,
1751454.53534068,,,,,,
1751454.53534068,,,,,,
1751454.53534068,,,,,,
1751454.53534068,,,,,,
1789766.7918948566,,,,,,
1828079.0484490327,,,,,,
1866391.30500321,,,,,,
1866391.30500321,,,,,,
1866391.30500321,,,,,,
1866391.30500321,,,,,,
1866391.30500321,,,,,,
1866391.30500321,,,,,,
1866391.30500321,,,,,,
1923151.232899913,,,,,,
1979911.1607966167,,,,,,
2036671.08869332,,,,,,
2036671.08869332,,,,,,
2036671.08869332,,,,,,
2036671.08869332,,,,,,
2036671.08869332,,,,,,
2036671.08869332,,,,,,
2036671.08869332,,,,,,
2036671.08869332,,,,,,
2036671.08869332,,,,,,
2036671.08869332,,,,,,
2088069.3824965,,,,,,
2139467.67629968,,,,,,
2190865.97010286,,,,,,
2190865.97010286,,,,,,
2190865.97010286,,,,,,
2190865.97010286,,,,,,
2190865.97010286,,,,,,
2190865.97010286,,,,,,
2190865.97010286,,,,,,
2274124.84904056,,,,,,
2357383.7279782603,,,,,,
2440642.60691596,,,,,,
2440642.60691596,,,,,,
2440642.60691596,,,,,,
2440642.60691596,,,,,,
2440642.60691596,,,,,,
2440642.60691596,,,,,,
2440642.60691596,,,,,,
2525111.055595644,,,,,,
2609579.5042753266,,,,,,
2694047.95295501,,,,,,
2694047.95295501,,,,,,
2694047.95295501,,,,,,
2694047.95295501,,,,,,
2694047.95295501,,,,,,
2694047.95295501,,,,,,
2694047.95295501,,,,,,
2750745.47124033,,,,,,
2807442.9895256497,,,,,,
2864140.50781097,,,,,,
2864140.50781097,,,,,,
2864140.50781097,,,,,,
2864140.50781097,,,,,,
2864140.50781097,,,,,,
2864140.50781097,,,,,,
2864140.50781097,,,,,,
2864140.50781097,,,,,,
2959384.017379805,,,,,,
3054627.52694864,,,,,,
3054627.52694864,,,,,,
3054627.52694864,,,,,,
3054627.52694864,,,,,,
3054627.52694864,,,,,,
3063474.6294847,,,,,,
3072321.73202076,,,,,,
3072321.73202076,,,,,,
3072321.73202076,,,,,,
3072321.73202076,,,,,,
3072321.73202076,,,,,,
3188339.0625055498,,,,,,
3304356.39299034,,,,,,
3304356.39299034,,,,,,
3304356.39299034,,,,,,
3304356.39299034,,,,,,
3304356.39299034,,,,,,
3304356.39299034,,,,,,
3304356.39299034,,,,,,
3336561.76676164,,,,,,
3368767.14053294,,,,,,
3368767.14053294,,,,,,
3368767.14053294,,,,,,
3368767.14053294,,,,,,
3368767.14053294,,,,,,
3403838.05034604,,,,,,
3438908.96015914,,,,,,
3438908.96015914,,,,,,
3438908.96015914,,,,,,
3438908.96015914,,,,,,
3438908.96015914,,,,,,
3438908.96015914,,,,,,
3438908.96015914,,,,,,
3404545.37971849,,,,,,
3370181.79927784,,,,,,
3370181.79927784,,,,,,
3370181.79927784,,,,,,
3370181.79927784,,,,,,
3370181.79927784,,,,,,
3370181.79927784,,,,,,
3370181.79927784,,,,,,
3370181.79927784,,,,,,
3370181.79927784,,,,,,
3370181.79927784,,,,,,
3240000.07183125,,,,,,
3109818.34438466,,,,,,
2979636.61693807,,,,,,
2979636.61693807,,,,,,
2979636.61693807,,,,,,
2979636.61693807,,,,,,
2979636.61693807,,,,,,
3114593.10071264,,,,,,
3249549.58448721,,,,,,
3249549.58448721,,,,,,
3249549.58448721,,,,,,
3249549.58448721,,,,,,
3249549.58448721,,,,,,
3249549.58448721,,,,,,
3249549.58448721,,,,,,
3109162.45828114,,,,,,
2968775.33207507,,,,,,
2968775.33207507,,,,,,
2968775.33207507,,,,,,
2968775.33207507,,,,,,
2968775.33207507,,,,,,
3122119.959320345,,,,,,
3275464.58656562,,,,,,
3275464.58656562,,,,,,
3275464.58656562,,,,,,
3275464.58656562,,,,,,
3275464.58656562,,,,,,
3463238.108629415,,,,,,
3651011.63069321,,,,,,
3651011.63069321,,,,,,
3651011.63069321,,,,,,
3651011.63069321,,,,,,
3651011.63069321,,,,,,
4009443.815767705,,,,,,
4367876.0008422,,,,,,
4367876.0008422,,,,,,
4367876.0008422,,,,,,
4367876.0008422,,,,,,
4367876.0008422,,,,,,
4607761.576453905,,,,,,
4847647.15206561,,,,,,
4847647.15206561,,,,,,
4847647.15206561,,,,,,
4847647.15206561,,,,,,
4847647.15206561,,,,,,
5771736.71733093,,,,,,
6695826.28259625,,,,,,
6695826.28259625,,,,,,
6695826.28259625,,,,,,
6695826.28259625,,,,,,
6695826.28259625,,,,,,
7184413.101380196,,,,,,
7672999.92016414,,,,,,
7672999.92016414,,,,,,
7672999.92016414,,,,,,
7672999.92016414,,,,,,
7672999.92016414,,,,,,
8323647.967525995,,,,,,
8974296.01488785,,,,,,
8974296.01488785,,,,,,
8974296.01488785,,,,,,
8974296.01488785,,,,,,
8974296.01488785,,,,,,
9525294.449153274,,,,,,
10076292.8834187,,,,,,
10076292.8834187,,,,,,
10076292.8834187,,,,,,
10076292.8834187,,,,,,
10076292.8834187,,,,,,
10076292.8834187,,,,,,
10446614.4093994,,,,,,
10816935.9353801,,,,,,
11187257.4613608,,,,,,
11187257.4613608,,,,,,
11187257.4613608,,,,,,
11187257.4613608,,,,,,
11187257.4613608,,,,,,
11187257.4613608,,,,,,
11187257.4613608,,,,,,
11509308.877499131,,,,,,
11831360.293637466,,,,,,
12153411.7097758,,,,,,
12153411.7097758,,,,,,
12153411.7097758,,,,,,
12153411.7097758,,,,,,
12153411.7097758,,,,,,
12153411.7097758,,,,,,
12153411.7097758,,,,,,
13304152.0336125,,,,,,
14454892.3574492,,,,,,
15605632.6812859,,,,,,
15605632.6812859,,,,,,
15605632.6812859,,,,,,
15605632.6812859,,,,,,
15605632.6812859,,,,,,
15605632.6812859,,,,,,
15605632.6812859,,,,,,
16850174.544986166,,,,,,
18094716.40868644,,,,,,
19339258.2723867,,,,,,
19339258.2723867,,,,,,
19339258.2723867,,,,,,
19339258.2723867,,,,,,
19339258.2723867,,,,,,
19339258.2723867,,,,,,
19339258.2723867,,,,,,
20004615.219585467,,,,,,
20669972.166784234,,,,,,
21335329.113983,,,,,,
21335329.113983,,,,,,
21335329.113983,,,,,,
21335329.113983,,,,,,
21335329.113983,,,,,,
21335329.113983,,,,,,
21335329.113983,,,,,,
22944511.30351197,,,,,,
24553693.49304093,,,,,,
26162875.6825699,,,,,,
26162875.6825699,,,,,,
26162875.6825699,,,,,,
26162875.6825699,,,,,,
26162875.6825699,,,,,,
26162875.6825699,,,,,,
26162875.6825699,,,,,,
27860904.030969568,,,,,,
29558932.37936924,,,,,,
31256960.7277689,,,,,,
31256960.7277689,,,,,,
31256960.7277689,,,,,,
31256960.7277689,,,,,,
31256960.7277689,,,,,,
31256960.7277689,,,,,,
31256960.7277689,,,,,,
33302229.197337467,,,,,,
35347497.66690604,,,,,,
37392766.1364746,,,,,,
37392766.1364746,,,,,,
37392766.1364746,,,,,,
37392766.1364746,,,,,,
41865290.440408565,,,,,,
46337814.744342536,,,,,,
50810339.0482765,,,,,,
50810339.0482765,,,,,,
50810339.0482765,,,,,,
50810339.0482765,,,,,,
50810339.0482765,,,,,,
50810339.0482765,,,,,,
50810339.0482765,,,,,,
55790246.08187927,,,,,,
60770153.11548203,,,,,,
65750060.1490848,,,,,,
65750060.1490848,,,,,,
65750060.1490848,,,,,,
65750060.1490848,,,,,,
65750060.1490848,,,,,,
65750060.1490848,,,,,,
65750060.1490848,,,,,,
72811046.02312133,,,,,,
79872031.89715786,,,,,,
86933017.7711944,,,,,,
86933017.7711944,,,,,,
86933017.7711944,,,,,,
86933017.7711944,,,,,,
95498194.73624526,,,,,,
104063371.70129614,,,,,,
112628548.666347,,,,,,
112628548.666347,,,,,,
112628548.666347,,,,,,
112628548.666347,,,,,,
112628548.666347,,,,,,
112628548.666347,,,,,,
112628548.666347,,,,,,
124692099.045929,,,,,,
136755649.425511,,,,,,
148819199.805093,,,,,,
148819199.805093,,,,,,
148819199.805093,,,,,,
148819199.805093,,,,,,
148819199.805093,,,,,,
148819199.805093,,,,,,
148819199.805093,,,,,,
162306549.63040632,,,,,,
175793899.45571968,,,,,,
189281249.281033,,,,,,
189281249.281033,,,,,,
189281249.281033,,,,,,
189281249.281033,,,,,,
215431249.34816235,,,,,,
241581249.41529167,,,,,,
267731249.482421,,,,,,
267731249.482421,,,,,,
267731249.482421,,,,,,
267731249.482421,,,,,,
267731249.482421,,,,,,
267731249.482421,,,,,,
267731249.482421,,,,,,
308797095.5343093,,,,,,
349862941.5861977,,,,,,
390928787.638086,,,,,,
390928787.638086,,,,,,
390928787.638086,,,,,,
390928787.638086,,,,,,
430929104.4307747,,,,,,
470929421.22346336,,,,,,
510929738.016152,,,,,,
510929738.016152,,,,,,
510929738.016152,,,,,,
510929738.016152,,,,,,
510929738.016152,,,,,,
510929738.016152,,,,,,
510929738.016152,,,,,,
543780718.6402197,,,,,,
576631699.2642874,,,,,,
609482679.888355,,,,,,
609482679.888355,,,,,,
609482679.888355,,,,,,
609482679.888355,,,,,,
609482679.888355,,,,,,
609482679.888355,,,,,,
609482679.888355,,,,,,
642124547.6094023,,,,,,
674766415.3304497,,,,,,
707408283.051497,,,,,,
707408283.051497,,,,,,
707408283.051497,,,,,,
707408283.051497,,,,,,
707408283.051497,,,,,,
707408283.051497,,,,,,
707408283.051497,,,,,,
774389142.8466719,,,,,,
841370002.641847,,,,,,
908350862.437022,,,,,,
908350862.437022,,,,,,
908350862.437022,,,,,,
908350862.437022,,,,,,
908350862.437022,,,,,,
908350862.437022,,,,,,
908350862.437022,,,,,,
999208306.7106912,,,,,,
1090065750.9843607,,,,,,
1180923195.25803,,,,,,
1180923195.25803,,,,,,
1180923195.25803,,,,,,
1180923195.25803,,,,,,
1180923195.25803,,,,,,
1180923195.25803,,,,,,
1180923195.25803,,,,,,
1260109261.9262333,,,,,,
1339295328.5944366,,,,,,
1418481395.26264,,,,,,
1418481395.26264,,,,,,
1418481395.26264,,,,,,
1418481395.26264,,,,,,
1542169913.8595066,,,,,,
1665858432.4563737,,,,,,
1789546951.05324,,,,,,
1789546951.05324,,,,,,
1789546951.05324,,,,,,
1789546951.05324,,,,,,
1789546951.05324,,,,,,
1789546951.05324,,,,,,
1789546951.05324,,,,,,
1924313924.0935867,,,,,,
2059080897.1339333,,,,,,
2193847870.17428,,,,,,
2193847870.17428,,,,,,
2193847870.17428,,,,,,
2193847870.17428,,,,,,
2193847870.17428,,,,,,
2193847870.17428,,,,,,
2193847870.17428,,,,,,
2336366731.137727,,,,,,
2478885592.1011734,,,,,,
2621404453.06462,,,,,,
2621404453.06462,,,,,,
2621404453.06462,,,,,,
2621404453.06462,,,,,,
2621404453.06462,,,,,,
2621404453.06462,,,,,,
2621404453.06462,,,,,,
2790794026.8838434,,,,,,
2960183600.703067,,,,,,
3129573174.52229,,,,,,
3129573174.52229,,,,,,
3129573174.52229,,,,,,
3129573174.52229,,,,,,
3129573174.52229,,,,,,
3129573174.52229,,,,,,
3129573174.52229,,,,,,
3358290049.286404,,,,,,
3587006924.0505166,,,,,,
3815723798.81463,,,,,,
3815723798.81463,,,,,,
3815723798.81463,,,,,,
3815723798.81463,,,,,,
3815723798.81463,,,,,,
3815723798.81463,,,,,,
3815723798.81463,,,,,,
3960555172.4996,,,,,,
4105386546.18457,,,,,,
4250217919.86954,,,,,,
4250217919.86954,,,,,,
4250217919.86954,,,,,,
4250217919.86954,,,,,,
4250217919.86954,,,,,,
4250217919.86954,,,,,,
4250217919.86954,,,,,,
4502432142.981494,,,,,,
4754646366.093447,,,,,,
5006860589.2054,,,,,,
5006860589.2054,,,,,,
5006860589.2054,,,,,,
5006860589.2054,,,,,,
5006860589.2054,,,,,,
5006860589.2054,,,,,,
5006860589.2054,,,,,,
5377815755.846317,,,,,,
5748770922.487233,,,,,,
6119726089.12815,,,,,,
6119726089.12815,,,,,,
6119726089.12815,,,,,,
6119726089.12815,,,,,,
6119726089.12815,,,,,,
6119726089.12815,,,,,,
6119726089.12815,,,,,,
6406098275.94956,,,,,,
6692470462.770969,,,,,,
6978842649.59238,,,,,,
6978842649.59238,,,,,,
6978842649.59238,,,,,,
6978842649.59238,,,,,,
6978842649.59238,,,,,,
6978842649.59238,,,,,,
6978842649.59238,,,,,,
7319519145.050973,,,,,,
7660195640.509566,,,,,,
8000872135.96816,,,,,,
8000872135.96816,,,,,,
8000872135.96816,,,,,,
8000872135.96816,,,,,,
8000872135.96816,,,,,,
8000872135.96816,,,,,,
8000872135.96816,,,,,,
8285053527.021373,,,,,,
8569234918.074587,,,,,,
8853416309.1278,,,,,,
8853416309.1278,,,,,,
8853416309.1278,,,,,,
8853416309.1278,,,,,,
8853416309.1278,,,,,,
8853416309.1278,,,,,,
8853416309.1278,,,,,,
9387517585.580132,,,,,,
9921618862.032469,,,,,,
10455720138.4848,,,,,,
10455720138.4848,,,,,,
10455720138.4848,,,,,,
10455720138.4848,,,,,,
10455720138.4848,,,,,,
10455720138.4848,,,,,,
10455720138.4848,,,,,,
10889330731.2912,,,,,,
11322941324.0976,,,,,,
11756551916.904,,,,,,
11756551916.904,,,,,,
11756551916.904,,,,,,
11756551916.904,,,,,,
11756551916.904,,,,,,
11756551916.904,,,,,,
11756551916.904,,,,,,
12325227982.777763,,,,,,
12893904048.651531,,,,,,
13462580114.5253,,,,,,
13462580114.5253,,,,,,
13462580114.5253,,,,,,
13462580114.5253,,,,,,
13462580114.5253,,,,,,
13462580114.5253,,,,,,
13462580114.5253,,,,,,
14581207200.070566,,,,,,
15699834285.615831,,,,,,
16818461371.1611,,,,,,
16818461371.1611,,,,,,
16818461371.1611,,,,,,
16818461371.1611,,,,,,
16818461371.1611,,,,,,
16818461371.1611,,,,,,
16818461371.1611,,,,,,
16818461371.1611,,,,,,
16818461371.1611,,,,,,
16818461371.1611,,,,,,
16991079906.943336,,,,,,
17163698442.725569,,,,,,
17336316978.5078,,,,,,
17336316978.5078,,,,,,
17336316978.5078,,,,,,
17336316978.5078,,,,,,
17336316978.5078,,,,,,
17336316978.5078,,,,,,
17336316978.5078,,,,,,
17803025171.77527,,,,,,
18269733365.04273,,,,,,
18736441558.3102,,,,,,
18736441558.3102,,,,,,
18736441558.3102,,,,,,
18736441558.3102,,,,,,
18736441558.3102,,,,,,
18736441558.3102,,,,,,
18736441558.3102,,,,,,
19067509685.7325,,,,,,
19398577813.1548,,,,,,
19729645940.5771,,,,,,
19729645940.5771,,,,,,
19729645940.5771,,,,,,
19729645940.5771,,,,,,
19729645940.5771,,,,,,
19729645940.5771,,,,,,
19729645940.5771,,,,,,
21101320639.985832,,,,,,
22472995339.39457,,,,,,
23844670038.8033,,,,,,
23844670038.8033,,,,,,
23844670038.8033,,,,,,
23844670038.8033,,,,,,
23844670038.8033,,,,,,
23844670038.8033,,,,,,
23844670038.8033,,,,,,
25039323659.95484,,,,,,
26233977281.106365,,,,,,
27428630902.2579,,,,,,
27428630902.2579,,,,,,
27428630902.2579,,,,,,
27428630902.2579,,,,,,
27428630902.2579,,,,,,
27428630902.2579,,,,,,
27428630902.2579,,,,,,
28228998309.51873,,,,,,
29029365716.779568,,,,,,
29829733124.0404,,,,,,
29829733124.0404,,,,,,
29829733124.0404,,,,,,
29829733124.0404,,,,,,
29829733124.0404,,,,,,
29829733124.0404,,,,,,
29829733124.0404,,,,,,
31440297390.6859,,,,,,
33050861657.3314,,,,,,
34661425923.9769,,,,,,
34661425923.9769,,,,,,
34661425923.9769,,,,,,
34661425923.9769,,,,,,
34661425923.9769,,,,,,
34661425923.9769,,,,,,
34661425923.9769,,,,,,
34661425923.9769,,,,,,
34661425923.9769,,,,,,
34661425923.9769,,,,,,
34775111291.362335,,,,,,
34888796658.747765,,,,,,
35002482026.1332,,,,,,
35002482026.1332,,,,,,
35002482026.1332,,,,,,
35002482026.1332,,,,,,
35002482026.1332,,,,,,
35002482026.1332,,,,,,
35002482026.1332,,,,,,
35494061145.604706,,,,,,
35985640265.0762,,,,,,
35985640265.0762,,,,,,
35985640265.0762,,,,,,
35985640265.0762,,,,,,
35985640265.0762,,,,,,
37794653258.7473,,,,,,
39603666252.4184,,,,,,
39603666252.4184,,,,,,
39603666252.4184,,,,,,
39603666252.4184,,,,,,
39603666252.4184,,,,,,
39603666252.4184,,,,,,
39603666252.4184,,,,,,
39951848290.15491,,,,,,
40300030327.8914,,,,,,
40300030327.8914,,,,,,
40300030327.8914,,,,,,
40300030327.8914,,,,,,
40300030327.8914,,,,,,
40300030327.8914,,,,,,
40300030327.8914,,,,,,
40153750299.58135,,,,,,
40007470271.2713,,,,,,
40007470271.2713,,,,,,
40007470271.2713,,,,,,
40007470271.2713,,,,,,
40007470271.2713,,,,,,
39732570789.205,,,,,,
39457671307.1387,,,,,,
39457671307.1387,,,,,,
39457671307.1387,,,,,,
39457671307.1387,,,,,,
39457671307.1387,,,,,,
40049313161.857605,,,,,,
40640955016.5765,,,,,,
40640955016.5765,,,,,,
40640955016.5765,,,,,,
40640955016.5765,,,,,,
40640955016.5765,,,,,,
42306308536.33305,,,,,,
43971662056.0896,,,,,,
43971662056.0896,,,,,,
43971662056.0896,,,,,,
43971662056.0896,,,,,,
43971662056.0896,,,,,,
43971662056.0896,,,,,,
43971662056.0896,,,,,,
42622267975.393295,,,,,,
41272873894.697,,,,,,
41272873894.697,,,,,,
41272873894.697,,,,,,
41272873894.697,,,,,,
41272873894.697,,,,,,
42864144928.5204,,,,,,
44455415962.3438,,,,,,
44455415962.3438,,,,,,
44455415962.3438,,,,,,
44455415962.3438,,,,,,
44455415962.3438,,,,,,
44455415962.3438,,,,,,
44455415962.3438,,,,,,
45569896139.60205,,,,,,
46684376316.8603,,,,,,
46684376316.8603,,,,,,
46684376316.8603,,,,,,
46684376316.8603,,,,,,
46684376316.8603,,,,,,
47055965633.7543,,,,,,
47427554950.6483,,,,,,
47427554950.6483,,,,,,
47427554950.6483,,,,,,
47427554950.6483,,,,,,
47427554950.6483,,,,,,
47427554950.6483,,,,,,
47427554950.6483,,,,,,
47072552297.67735,,,,,,
46717549644.7064,,,,,,
46717549644.7064,,,,,,
46717549644.7064,,,,,,
46717549644.7064,,,,,,
46717549644.7064,,,,,,
48081970166.4739,,,,,,
49446390688.2414,,,,,,
49446390688.2414,,,,,,
49446390688.2414,,,,,,
49446390688.2414,,,,,,
49446390688.2414,,,,,,
49446390688.2414,,,,,,
49446390688.2414,,,,,,
48528477600.85635,,,,,,
47610564513.4713,,,,,,
47610564513.4713,,,,,,
47610564513.4713,,,,,,
47610564513.4713,,,,,,
47610564513.4713,,,,,,
47626981265.637344,,,,,,
47643398017.8034,,,,,,
47643398017.8034,,,,,,
47643398017.8034,,,,,,
47643398017.8034,,,,,,
47643398017.8034,,,,,,
47643398017.8034,,,,,,
47643398017.8034,,,,,,
48225442631.2424,,,,,,
48807487244.6814,,,,,,
48807487244.6814,,,,,,
48807487244.6814,,,,,,
48807487244.6814,,,,,,
48807487244.6814,,,,,,
48807487244.6814,,,,,,
48807487244.6814,,,,,,
48198539199.1532,,,,,,
47589591153.625,,,,,,
47589591153.625,,,,,,
47589591153.625,,,,,,
47589591153.625,,,,,,
47589591153.625,,,,,,
48640988754.2594,,,,,,
49692386354.8938,,,,,,
49692386354.8938,,,,,,
49692386354.8938,,,,,,
49692386354.8938,,,,,,
49692386354.8938,,,,,,
49547200643.06065,,,,,,
49402014931.2275,,,,,,
49402014931.2275,,,,,,
49402014931.2275,,,,,,
49402014931.2275,,,,,,
49402014931.2275,,,,,,
49402014931.2275,,,,,,
49402014931.2275,,,,,,
50239190617.35471,,,,,,
51076366303.4819,,,,,,
51076366303.4819,,,,,,
51076366303.4819,,,,,,
51076366303.4819,,,,,,
51076366303.4819,,,,,,
51677335574.5368,,,,,,
52278304845.5917,,,,,,
52278304845.5917,,,,,,
52278304845.5917,,,,,,
52278304845.5917,,,,,,
52278304845.5917,,,,,,
52489073627.46935,,,,,,
52699842409.347,,,,,,
52699842409.347,,,,,,
52699842409.347,,,,,,
52699842409.347,,,,,,
52699842409.347,,,,,,
52699842409.347,,,,,,
52699842409.347,,,,,,
53478236368.6185,,,,,,
54256630327.89,,,,,,
54256630327.89,,,,,,
54256630327.89,,,,,,
54256630327.89,,,,,,
54256630327.89,,,,,,
55607139391.45,,,,,,
56957648455.01,,,,,,
56957648455.01,,,,,,
56957648455.01,,,,,,
56957648455.01,,,,,,
56957648455.01,,,,,,
56957648455.01,,,,,,
56957648455.01,,,,,,
58146499844.4383,,,,,,
59335351233.8666,,,,,,
59335351233.8666,,,,,,
59335351233.8666,,,,,,
59335351233.8666,,,,,,
59335351233.8666,,,,,,
60074287636.65345,,,,,,
60813224039.4403,,,,,,
60813224039.4403,,,,,,
60813224039.4403,,,,,,
60813224039.4403,,,,,,
60813224039.4403,,,,,,
60848524759.7693,,,,,,
60883825480.0983,,,,,,
60883825480.0983,,,,,,
60883825480.0983,,,,,,
60883825480.0983,,,,,,
60883825480.0983,,,,,,
60883825480.0983,,,,,,
60883825480.0983,,,,,,
61568903964.92955,,,,,,
62253982449.7608,,,,,,
62253982449.7608,,,,,,
62253982449.7608,,,,,,
62253982449.7608,,,,,,
62253982449.7608,,,,,,
64051118814.731705,,,,,,
65848255179.7026,,,,,,
65848255179.7026,,,,,,
65848255179.7026,,,,,,
65848255179.7026,,,,,,
65848255179.7026,,,,,,
69285517911.1249,,,,,,
72722780642.5472,,,,,,
72722780642.5472,,,,,,
72722780642.5472,,,,,,
72722780642.5472,,,,,,
72722780642.5472,,,,,,
72722780642.5472,,,,,,
72722780642.5472,,,,,,
75912580771.3866,,,,,,
79102380900.226,,,,,,
79102380900.226,,,,,,
79102380900.226,,,,,,
79102380900.226,,,,,,
79102380900.226,,,,,,
86275525848.2749,,,,,,
93448670796.3238,,,,,,
93448670796.3238,,,,,,
93448670796.3238,,,,,,
93448670796.3238,,,,,,
93448670796.3238,,,,,,
98664505805.8899,,,,,,
103880340815.456,,,,,,
103880340815.456,,,,,,
103880340815.456,,,,,,
103880340815.456,,,,,,
103880340815.456,,,,,,
108617320308.4635,,,,,,
113354299801.471,,,,,,
113354299801.471,,,,,,
113354299801.471,,,,,,
113354299801.471,,,,,,
113354299801.471,,,,,,
116693820226.354,,,,,,
120033340651.237,,,,,,
120033340651.237,,,,,,
120033340651.237,,,,,,
120033340651.237,,,,,,
120033340651.237,,,,,,
132074894249.293,,,,,,
144116447847.349,,,,,,
144116447847.349,,,,,,
144116447847.349,,,,,,
144116447847.349,,,,,,
144116447847.349,,,,,,
153804051378.154,,,,,,
163491654908.959,,,,,,
163491654908.959,,,,,,
163491654908.959,,,,,,
163491654908.959,,,,,,
163491654908.959,,,,,,
163491654908.959,,,,,,
163491654908.959,,,,,,
160959429338.1755,,,,,,
158427203767.392,,,,,,
158427203767.392,,,,,,
158427203767.392,,,,,,
158427203767.392,,,,,,
158427203767.392,,,,,,
161962019442.80902,,,,,,
165496835118.226,,,,,,
165496835118.226,,,,,,
165496835118.226,,,,,,
165496835118.226,,,,,,
165496835118.226,,,,,,
165496835118.226,,,,,,
165496835118.226,,,,,,
166174174200.50153,,,,,,
166851513282.777,,,,,,
166851513282.777,,,,,,
166851513282.777,,,,,,
166851513282.777,,,,,,
166851513282.777,,,,,,
172764910477.23248,,,,,,
178678307671.688,,,,,,
178678307671.344,,,,,,
178678307671.0,,,,,,
178678307671.0,,,,,,
178678307671.0,,,,,,
178672214504.7755,,,,,,
178666121338.551,,,,,,
178662689555.2755,,,,,,
178659257772.0,,,,,,
178659257772.0,,,,,,
178659257772.0,,,,,,
178659257772.0,,,,,,
178659257772.0,,,,,,
186457039027.5,,,,,,
194254820283.0,,,,,,
194254820283.0,,,,,,
194254820283.0,,,,,,
194254820283.0,,,,,,
194254820283.0,,,,,,
196783443907.0,,,,,,
199312067531.0,,,,,,
199312067531.0,,,,,,
199312067531.0,,,,,,
199312067531.0,,,,,,
199312067531.0,,,,,,
199312067531.0,,,,,,
199312067531.0,,,,,,
197686745735.0,,,,,,
196061423939.0,,,,,,
196061423939.0,,,,,,
196061423939.0,,,,,,
196061423939.0,,,,,,
196061423939.0,,,,,,
196061423939.0,,,,,,
196061423939.0,,,,,,
196061423939.0,,,,,,
202757291267.0,,,,,,
209453158595.0,,,,,,
209453158595.0,,,,,,
209453158595.0,,,,,,
209453158595.0,,,,,,
209453158595.0,,,,,,
211426041963.0,,,,,,
213398925331.0,,,,,,
213398925331.0,,,,,,
213398925331.0,,,,,,
213398925331.0,,,,,,
213398925331.0,,,,,,
213398925331.0,,,,,,
213398925331.0,,,,,,
213398925331.0,,,,,,
213398925331.0,,,,,,
213398925331.0,,,,,,
213398925331.0,,,,,,
213398925331.0,,,,,,
213422319275.0,,,,,,
213445713219.0,,,,,,
213469107163.0,,,,,,
213492501107.0,,,,,,
213492501107.0,,,,,,
213492501107.0,,,,,,
213492501107.0,,,,,,
213492501107.0,,,,,,
213492501107.0,,,,,,
212145486754.9225,,,,,,
210798472402.845,,,,,,
206345841627.9225,,,,,,
201893210853.0,,,,,,
201893210853.0,,,,,,
201893210853.0,,,,,,
201893210853.0,,,,,,
201893210853.0,,,,,,
201893210853.0,,,,,,
201893210853.0,,,,,,
205763778829.0,,,,,,
209634346805.0,,,,,,
213504914781.0,,,,,,
217375482757.0,,,,,,
217375482757.0,,,,,,
217375482757.0,,,,,,
217375482757.0,,,,,,
217375482757.0,,,,,,
217375482757.0,,,,,,
217375482757.0,,,,,,
217375482757.0,,,,,,
217375482757.0,,,,,,
219065695543.5,,,,,,
220755908330.0,,,,,,
220755908330.0,,,,,,
220755908330.0,,,,,,
220755908330.0,,,,,,
220755908330.0,,,,,,
220755908330.0,,,,,,
220755908330.0,,,,,,
222448229613.0,,,,,,
224140550896.0,,,,,,
225832872179.0,,,,,,
225832872179.0,,,,,,
225832872179.0,,,,,,
225832872179.0,,,,,,
225832872179.0,,,,,,
225832872179.0,,,,,,
225832872179.0,,,,,,
225832872179.0,,,,,,
225832872179.0,,,,,,
229681454191.5,,,,,,
233530036204.0,,,,,,
237378618216.5,,,,,,
241227200229.0,,,,,,
241227200229.0,,,,,,
241227200229.0,,,,,,
241227200229.0,,,,,,
241227200229.0,,,,,,
241227200229.0,,,,,,
249874974316.5,,,,,,
258522748404.0,,,,,,
258522748404.0,,,,,,
258522748404.0,,,,,,
258522748404.0,,,,,,
258522748404.0,,,,,,
258522748404.0,,,,,,
258522748404.0,,,,,,
258522748404.0,,,,,,
258522748404.0,,,,,,
257296622963.25,,,,,,
256070497522.5,,,,,,
254844372081.75,,,,,,
253618246641.0,,,,,,
253618246641.0,,,,,,
253618246641.0,,,,,,
253618246641.0,,,,,,
253618246641.0,,,,,,
253618246641.0,,,,,,
253618246641.0,,,,,,
253618246641.0,,,,,,
253618246641.0,,,,,,
253952226862.0,,,,,,
254286207083.0,,,,,,
254620187304.0,,,,,,
254620187304.0,,,,,,
254620187304.0,,,,,,
254620187304.0,,,,,,
254620187304.0,,,,,,
263527385950.0575,,,,,,
272434584596.115,,,,,,
277117750894.5575,,,,,,
281800917193.0,,,,,,
281800917193.0,,,,,,
281800917193.0,,,,,,
281800917193.0,,,,,,
281800917193.0,,,,,,
281800917193.0,,,,,,
281800917193.0,,,,,,
281800917193.0,,,,,,
281800917193.0,,,,,,
283042129599.75,,,,,,
284283342006.5,,,,,,
285524554413.25,,,,,,
286765766820.0,,,,,,
286765766820.0,,,,,,
286765766820.0,,,,,,
286765766820.0,,,,,,
286765766820.0,,,,,,
286765766820.0,,,,,,
286765766820.0,,,,,,
298459811261.5,,,,,,
310153855703.0,,,,,,
310153855703.0,,,,,,
310153855703.0,,,,,,
310153855703.0,,,,,,
310153855703.0,,,,,,
310797048539.061,,,,,,
311440241375.122,,,,,,
312083434211.183,,,,,,
313484675746.8872,,,,,,
314885917282.5915,,,,,,
316287158818.2958,,,,,,
317688400354.0,,,,,,
317688400354.0,,,,,,
317688400354.0,,,,,,
317688400354.0,,,,,,
317688400354.0,,,,,,
317688400354.0,,,,,,
317688400354.0,,,,,,
317688400354.0,,,,,,
317688400354.0,,,,,,
324092244501.0,,,,,,
330496088648.0,,,,,,
336899932795.0,,,,,,
336899932795.0,,,,,,
336899932795.0,,,,,,
336899932795.0,,,,,,
336899932795.0,,,,,,
364931597569.5,,,,,,
392963262344.0,,,,,,
392963262344.0,,,,,,
392963262344.0,,,,,,
392963262344.0,,,,,,
392963262344.0,,,,,,
392963262344.0,,,,,,
392963262344.0,,,,,,
400265088478.75,,,,,,
407566914613.5,,,,,,
414868740748.25,,,,,,
422170566883.0,,,,,,
422170566883.0,,,,,,
422170566883.0,,,,,,
422170566883.0,,,,,,
422170566883.0,,,,,,
422170566883.0,,,,,,
422170566883.0,,,,,,
422170566883.0,,,,,,
422170566883.0,,,,,,
427557479762.816,,,,,,
432944392642.632,,,,,,
436862147464.316,,,,,,
440779902286.0,,,,,,
440779902286.0,,,,,,
440779902286.0,,,,,,
440779902286.0,,,,,,
440779902286.0,,,,,,
447443054220.6667,,,,,,
454106206155.3333,,,,,,
460769358090.0,,,,,,
460769358090.0,,,,,,
460769358090.0,,,,,,
460769358090.0,,,,,,
460769358090.0,,,,,,
460769358090.0,,,,,,
460769358090.0,,,,,,
460769358090.0,,,,,,
460769358090.0,,,,,,
464503319832.75,,,,,,
468237281575.5,,,,,,
471971243318.25,,,,,,
475705205061.0,,,,,,
475705205061.0,,,,,,
475705205061.0,,,,,,
475705205061.0,,,,,,
475705205061.0,,,,,,
475705205061.0,,,,,,
479280221868.9115,,,,,,
482855238676.823,,,,,,
491245584246.4115,,,,,,
499635929816.0,,,,,,
499635929816.0,,,,,,
499635929816.0,,,,,,
499635929816.0,,,,,,
499635929816.0,,,,,,
499635929816.0,,,,,,
499635929816.0,,,,,,
499635929816.0,,,,,,
504929134717.5,,,,,,
510222339619.0,,,,,,
515515544520.5,,,,,,
520808749422.0,,,,,,
520808749422.0,,,,,,
520808749422.0,,,,,,
520808749422.0,,,,,,
520808749422.0,,,,,,
520808749422.0,,,,,,
520808749422.0,,,,,,
520808749422.0,,,,,,
521324226010.5375,,,,,,
521839702599.075,,,,,,
521907111076.0375,,,,,,
521974519553.0,,,,,,
521974519553.0,,,,,,
521974519553.0,,,,,,
521974519553.0,,,,,,
521974519553.0,,,,,,
531473612887.25,,,,,,
540972706221.5,,,,,,
550471799555.75,,,,,,
559970892890.0,,,,,,
559970892890.0,,,,,,
559970892890.0,,,,,,
559970892890.0,,,,,,
559970892890.0,,,,,,
559970892890.0,,,,,,
559970892890.0,,,,,,
559970892890.0,,,,,,
559970892890.0,,,,,,
568958648938.75,,,,,,
577946404987.5,,,,,,
586934161036.25,,,,,,
595921917085.0,,,,,,
595921917085.0,,,,,,
595921917085.0,,,,,,
595921917085.0,,,,,,
595921917085.0,,,,,,
637341013583.5,,,,,,
678760110082.0,,,,,,
678760110082.0,,,,,,
678760110082.0,,,,,,
678760110082.0,,,,,,
678760110082.0,,,,,,
678760110082.0,,,,,,
686994382104.75,,,,,,
695228654127.5,,,,,,
703462926150.25,,,,,,
711697198173.0,,,,,,
711697198173.0,,,,,,
711697198173.0,,,,,,
711697198173.0,,,,,,
711697198173.0,,,,,,
711697198173.0,,,,,,
711697198173.0,,,,,,
711697198173.0,,,,,,
711697198173.0,,,,,,
711697198173.0,,,,,,
711697198173.0,,,,,,
711697198173.0,,,,,,
710178332201.5,,,,,,
708659466230.0,,,,,,
708659466230.0,,,,,,
708659466230.0,,,,,,
708659466230.0,,,,,,
708659466230.0,,,,,,
756592330399.0,,,,,,
804525194568.0,,,,,,
804525194568.0,,,,,,
804525194568.0,,,,,,
804525194568.0,,,,,,
804525194568.0,,,,,,
804525194568.0,,,,,,
804525194568.0,,,,,,
804525194568.0,,,,,,
804525194568.0,,,,,,
818449392035.0,,,,,,
832373589502.0,,,,,,
846297786969.0,,,,,,
860221984436.0,,,,,,
860221984436.0,,,,,,
860221984436.0,,,,,,
860221984436.0,,,,,,
860221984436.0,,,,,,
860221984436.0,,,,,,
860221984436.0,,,,,,
874148347206.7681,,,,,,
888074709977.536,,,,,,
905653889212.768,,,,,,
923233068448.0,,,,,,
923233068448.0,,,,,,
923233068448.0,,,,,,
923233068448.0,,,,,,
923233068448.0,,,,,,
923233068448.0,,,,,,
914467765400.25,,,,,,
905702462352.5,,,,,,
896937159304.75,,,,,,
888171856257.0,,,,,,
888171856257.0,,,,,,
888171856257.0,,,,,,
888171856257.0,,,,,,
888171856257.0,,,,,,
888171856257.0,,,,,,
888171856257.0,,,,,,
888171856257.0,,,,,,
888171856257.0,,,,,,
893219699644.3003,,,,,,
898267543031.6007,,,,,,
903315386418.901,,,,,,
913020043071.9504,,,,,,
922724699725.0,,,,,,
922724699725.0,,,,,,
922724699725.0,,,,,,
987455161239.76,,,,,,
1052185622754.52,,,,,,
1077793277859.26,,,,,,
1103400932964.0,,,,,,
1103400932964.0,,,,,,
1103400932964.0,,,,,,
1103400932964.0,,,,,,
1103400932964.0,,,,,,
1103400932964.0,,,,,,
1103400932964.0,,,,,,
1103400932964.0,,,,,,
1103400932964.0,,,,,,
1108516521006.0,,,,,,
1113632109048.0,,,,,,
1118747697090.0,,,,,,
1123863285132.0,,,,,,
1123863285132.0,,,,,,
1123863285132.0,,,,,,
1123863285132.0,,,,,,
1123863285132.0,,,,,,
1123863285132.0,,,,,,
1123863285132.0,,,,,,
1160327989615.0,,,,,,
1196792694098.0,,,,,,
1196792694098.0,,,,,,
1196792694098.0,,,,,,
1196792694098.0,,,,,,
1196792694098.0,,,,,,
1282141722447.0,,,,,,
1367490750796.0,,,,,,
1452839779145.0,,,,,,
1452839779145.0,,,,,,
1452839779145.0,,,,,,
1452839779145.0,,,,,,
1452839779145.0,,,,,,
1452839779145.0,,,,,,
1452839779145.0,,,,,,
1452839779145.0,,,,,,
1452839779145.0,,,,,,
1452839779145.0,,,,,,
1452839779145.0,,,,,,
1452839779145.0,,,,,,
1452839779145.0,,,,,,
1430735354640.0,,,,,,
1408630930135.0,,,,,,
1386526505630.0,,,,,,
1364422081125.0,,,,,,
1364422081125.0,,,,,,
1364422081125.0,,,,,,
1364422081125.0,,,,,,
1364422081125.0,,,,,,
1355711755841.5,,,,,,
1347001430558.0,,,,,,
1347001430558.0,,,,,,
1347001430558.0,,,,,,
1347001430558.0,,,,,,
1347001430558.0,,,,,,
1347001430558.0,,,,,,
1407975304733.0,,,,,,
1468949178908.0,,,,,,
1529923053083.0,,,,,,
1590896927258.0,,,,,,
1590896927258.0,,,,,,
1590896927258.0,,,,,,
1590896927258.0,,,,,,
1590896927258.0,,,,,,
1590896927258.0,,,,,,
1590896927258.0,,,,,,
1590896927258.0,,,,,,
1590896927258.0,,,,,,
1684966443245.6667,,,,,,
1779035959233.3333,,,,,,
1873105475221.0,,,,,,
1873105475221.0,,,,,,
1873105475221.0,,,,,,
1873105475221.0,,,,,,
1873105475221.0,,,,,,
1873105475221.0,,,,,,
1873105475221.0,,,,,,
1902120964854.0,,,,,,
1931136454487.0,,,,,,
1931136454487.0,,,,,,
1931136454487.0,,,,,,
1931136454487.0,,,,,,
1931136454487.0,,,,,,
1931136454487.0,,,,,,
1931136454487.0,,,,,,
1931136454487.0,,,,,,
1931136454487.0,,,,,,
2005314250491.0,,,,,,
2079492046495.0,,,,,,
2153669842499.0,,,,,,
2227847638503.0,,,,,,
2227847638503.0,,,,,,
2227847638503.0,,,,,,
2227847638503.0,,,,,,
2227847638503.0,,,,,,
2227847638503.0,,,,,,
2227847638503.0,,,,,,
2415462469360.5,,,,,,
2603077300218.0,,,,,,
2603077300218.0,,,,,,
2603077300218.0,,,,,,
2603077300218.0,,,,,,
2603077300218.0,,,,,,
2693609611617.0,,,,,,
2784141923016.0,,,,,,
2874674234415.0,,,,,,
2874674234415.0,,,,,,
2874674234415.0,,,,,,
2874674234415.0,,,,,,
2874674234415.0,,,,,,
2874674234415.0,,,,,,
2874674234415.0,,,,,,
2874674234415.0,,,,,,
2874674234415.0,,,,,,
2907851642418.5,,,,,,
2941029050422.0,,,,,,
2974206458425.5,,,,,,
3007383866429.0,,,,,,
3007383866429.0,,,,,,
3007383866429.0,,,,,,
3007383866429.0,,,,,,
3007383866429.0,,,,,,
3007383866429.0,,,,,,
3120482633398.105,,,,,,
3233581400367.21,,,,,,
3262093694561.105,,,,,,
3290605988755.0,,,,,,
3290605988755.0,,,,,,
3290605988755.0,,,,,,
3290605988755.0,,,,,,
3290605988755.0,,,,,,
3290605988755.0,,,,,,
3290605988755.0,,,,,,
3333590089364.0,,,,,,
3376574189973.0,,,,,,
3419558290582.0,,,,,,
3462542391191.0,,,,,,
3462542391191.0,,,,,,
3462542391191.0,,,,,,
3462542391191.0,,,,,,
3462542391191.0,,,,,,
3462542391191.0,,,,,,
3462542391191.0,,,,,,
3462542391191.0,,,,,,
3486801472045.0,,,,,,
3511060552899.0,,,,,,
3511060552899.0,,,,,,
3511060552899.0,,,,,,
3511060552899.0,,,,,,
3511060552899.0,,,,,,
3653624440451.81,,,,,,
3796188328004.62,,,,,,
3806970470760.715,,,,,,
3817752613516.81,,,,,,
3828534756272.905,,,,,,
3839316899029.0,,,,,,
3839316899029.0,,,,,,
3839316899029.0,,,,,,
3839316899029.0,,,,,,
3839316899029.0,,,,,,
3839316899029.0,,,,,,
3839316899029.0,,,,,,
3839316899029.0,,,,,,
3839316899029.0,,,,,,
3885002473312.75,,,,,,
3930688047596.5,,,,,,
3976373621880.25,,,,,,
4022059196164.0,,,,,,
4022059196164.0,,,,,,
4022059196164.0,,,,,,
4022059196164.0,,,,,,
4022059196164.0,,,,,,
4082968835459.0,,,,,,
4143878474754.0,,,,,,
4143878474754.0,,,,,,
4143878474754.0,,,,,,
4143878474754.0,,,,,,
4143878474754.0,,,,,,
4143878474754.0,,,,,,
4162694370818.6553,,,,,,
4181510266883.31,,,,,,
4200326162947.965,,,,,,
4219142059012.62,,,,,,
4241093937754.715,,,,,,
4263045816496.81,,,,,,
4284997695238.905,,,,,,
4306949573981.0,,,,,,
4306949573981.0,,,,,,
4306949573981.0,,,,,,
4306949573981.0,,,,,,
4306949573981.0,,,,,,
4343164163211.857,,,,,,
4379378752442.7134,,,,,,
4415593341673.57,,,,,,
4678149113597.285,,,,,,
4940704885521.0,,,,,,
4940704885521.0,,,,,,
4940704885521.0,,,,,,
4940704885521.0,,,,,,
4940704885521.0,,,,,,
5009101960200.0,,,,,,
5077499034879.0,,,,,,
5077499034879.0,,,,,,
5077499034879.0,,,,,,
5077499034879.0,,,,,,
5077499034879.0,,,,,,
5077499034879.0,,,,,,
5077499034879.0,,,,,,
5077499034879.0,,,,,,
5077499034879.0,,,,,,
5149043891529.5,,,,,,
5220588748180.0,,,,,,
5292133604830.5,,,,,,
5363678461481.0,,,,,,
5363678461481.0,,,,,,
5363678461481.0,,,,,,
5363678461481.0,,,,,,
5363678461481.0,,,,,,
5363678461481.0,,,,,,
5363678461481.0,,,,,,
5363678461481.0,,,,,,
5363678461481.0,,,,,,
5271174765276.5,,,,,,
5178671069072.0,,,,,,
5178671069072.0,,,,,,
5178671069072.0,,,,,,
5178671069072.0,,,,,,
5178671069072.0,,,,,,
5178671069072.0,,,,,,
5371362644706.25,,,,,,
5564054220340.5,,,,,,
5756745795974.75,,,,,,
5949437371609.0,,,,,,
5949437371609.25,,,,,,
5949437371609.5,,,,,,
5949437371609.75,,,,,,
5949437371610.0,,,,,,
5949437371610.0,,,,,,
5949437371610.0,,,,,,
5949437371610.0,,,,,,
5949437371610.0,,,,,,
6096063875577.333,,,,,,
6242690379544.667,,,,,,
6389316883512.0,,,,,,
6389316883512.0,,,,,,
6389316883512.0,,,,,,
6389316883512.0,,,,,,
6389316883512.0,,,,,,
6447177942794.705,,,,,,
6505039002077.41,,,,,,
6616132235900.205,,,,,,
6727225469723.0,,,,,,
6727225469723.0,,,,,,
6727225469723.0,,,,,,
6727225469723.0,,,,,,
6727225469723.0,,,,,,
6727225469723.0,,,,,,
6727225469723.0,,,,,,
6727225469723.0,,,,,,
6727225469723.0,,,,,,
6800218910086.5,,,,,,
6873212350450.0,,,,,,
6946205790813.5,,,,,,
7019199231177.0,,,,,,
7019199231177.0,,,,,,
7019199231177.0,,,,,,
7019199231177.0,,,,,,
7019199231177.0,,,,,,
7019199231177.0,,,,,,
7019199231177.0,,,,,,
7085916291541.5,,,,,,
7152633351906.0,,,,,,
7152633351906.0,,,,,,
7152633351906.0,,,,,,
7152633351906.0,,,,,,
7152633351906.0,,,,,,
7152633351906.0,,,,,,
7152633351906.0,,,,,,
7152633351906.0,,,,,,
7228217175995.25,,,,,,
7303801000084.5,,,,,,
7379384824173.75,,,,,,
7454968648263.0,,,,,,
7454968648263.0,,,,,,
7454968648263.0,,,,,,
7454968648263.0,,,,,,
7454968648263.0,,,,,,
7454968648263.0,,,,,,
7454968648263.0,,,,,,
7454968648263.0,,,,,,
7454968648263.0,,,,,,
7364263203488.0,,,,,,
7273557758713.0,,,,,,
7182852313938.0,,,,,,
7182852313938.0,,,,,,
7182852313938.0,,,,,,
7182852313938.0,,,,,,
7182852313938.0,,,,,,
7182852313938.0,,,,,,
7182852313938.0,,,,,,
7183628628320.0,,,,,,
7184404942702.0,,,,,,
7184404942702.0,,,,,,
7184404942702.0,,,,,,
7184404942702.0,,,,,,
7184404942702.0,,,,,,
7184404942702.0,,,,,,
7184404942702.0,,,,,,
7184404942702.0,,,,,,
7182297395871.46,,,,,,
7180189849040.92,,,,,,
7178082302210.38,,,,,,
7175974755379.84,,,,,,
7045306851886.38,,,,,,
6914638948392.92,,,,,,
6783971044899.46,,,,,,
6653303141406.0,,,,,,
6653303141406.0,,,,,,
6653303141406.0,,,,,,
6653303141406.0,,,,,,
6653303141406.0,,,,,,
6653303141406.0,,,,,,
6653303141406.0,,,,,,
6653303141406.0,,,,,,
6149853496470.5,,,,,,
5646403851535.0,,,,,,
5646403851535.0,,,,,,
5646403851535.0,,,,,,
5646403851535.0,,,,,,
5646403851535.0,,,,,,
5646403851535.0,,,,,,
5646403851535.0,,,,,,
5640075950048.183,,,,,,
5633748048561.365,,,,,,
5627420147074.548,,,,,,
5621092245587.73,,,,,,
5492424915355.798,,,,,,
5363757585123.865,,,,,,
5235090254891.933,,,,,,
5106422924660.0,,,,,,
5106422924660.0,,,,,,
5106422924660.0,,,,,,
5106422924660.0,,,,,,
5106422924660.0,,,,,,
5106422924660.0,,,,,,
5106422924660.0,,,,,,
5362509386756.5,,,,,,
5618595848853.0,,,,,,
5618595848853.0,,,,,,
5618595848853.0,,,,,,
5618595848853.0,,,,,,
5618595848853.0,,,,,,
5707060042887.0,,,,,,
5795524236921.0,,,,,,
5883988430955.0,,,,,,
5883988430955.0,,,,,,
5883988430955.0,,,,,,
5883988430955.0,,,,,,
5883988430955.0,,,,,,
5883988430955.0,,,,,,
5883988430955.0,,,,,,
5883988430955.0,,,,,,
5883988430955.0,,,,,,
5883988430955.0,,,,,,
5883988430955.0,,,,,,
5883988430955.0,,,,,,
5883988430955.0,,,,,,
5860879599267.333,,,,,,
5837770767579.667,,,,,,
5814661935892.0,,,,,,
5814661935892.0,,,,,,
5814661935892.0,,,,,,
5814661935892.0,,,,,,
5814661935892.0,,,,,,
5938090383459.5,,,,,,
6061518831027.0,,,,,,
6061518831027.0,,,,,,
6061518831027.0,,,,,,
6061518831027.0,,,,,,
6061518831027.0,,,,,,
6061518831027.0,,,,,,
6061518831027.0,,,,,,
6062159570885.388,,,,,,
6062800310743.775,,,,,,
6063441050602.162,,,,,,
6064081790460.55,,,,,,
6066022855325.662,,,,,,
6067963920190.775,,,,,,
6069904985055.888,,,,,,
6071846049921.0,,,,,,
6071846049921.0,,,,,,
6071846049921.0,,,,,,
6071846049921.0,,,,,,
6071846049921.0,,,,,,
6071846049921.0,,,,,,
6071846049921.0,,,,,,
6070368795799.0,,,,,,
6068891541677.0,,,,,,
6068891541677.0,,,,,,
6068891541677.0,,,,,,
6068891541677.0,,,,,,
6068891541677.0,,,,,,
6168900912591.29,,,,,,
6268910283505.58,,,,,,
6368919654419.87,,,,,,
6371506103667.652,,,,,,
6374092552915.436,,,,,,
6376679002163.218,,,,,,
6379265451411.0,,,,,,
6379265451411.0,,,,,,
6379265451411.0,,,,,,
6379265451411.0,,,,,,
6379265451411.0,,,,,,
6379265451411.0,,,,,,
6379265451411.0,,,,,,
6379265451411.0,,,,,,
6379265451411.0,,,,,,
6386144584306.5,,,,,,
6393023717202.0,,,,,,
6393023717202.0,,,,,,
6393023717202.0,,,,,,
6393023717202.0,,,,,,
6393023717202.0,,,,,,
6375372417655.165,,,,,,
6357721118108.33,,,,,,
6356157599733.554,,,,,,
6354594081358.776,,,,,,
6353030562984.0,,,,,,
6353030562984.0,,,,,,
6353030562984.0,,,,,,
6353030562984.0,,,,,,
6353030562984.0,,,,,,
6353030562984.0,,,,,,
6353030562984.0,,,,,,
6353030562984.0,,,,,,
6353030562984.0,,,,,,
6440315393325.25,,,,,,
6527600223666.5,,,,,,
6614885054007.75,,,,,,
6702169884349.0,,,,,,
6702169884349.0,,,,,,
6702169884349.0,,,,,,
6702169884349.0,,,,,,
6702169884349.0,,,,,,
6702169884349.0,,,,,,
6703401282468.0,,,,,,
6704632680587.0,,,,,,
6704632680587.0,,,,,,
6704632680587.0,,,,,,
6704632680587.0,,,,,,
6704632680587.0,,,,,,
6893394690575.75,,,,,,
7082156700564.5,,,,,,
7270918710553.25,,,,,,
7459680720542.0,,,,,,
7459680720542.0,,,,,,
7459680720542.0,,,,,,
7459680720542.0,,,,,,
7459680720542.0,,,,,,
7459680720542.0,,,,,,
7459680720542.0,,,,,,
7459680720542.0,,,,,,
7459680720542.0,,,,,,
7459680720542.0,,,,,,
7459680720542.0,,,,,,
7459680720542.0,,,,,,
7459680720542.0,,,,,,
7434539984816.0,,,,,,
7409399249090.0,,,,,,
7409399249090.0,,,,,,
7409399249090.0,,,,,,
7409399249090.0,,,,,,
7409399249090.0,,,,,,
7672056234360.5,,,,,,
7934713219631.0,,,,,,
7934713219631.0,,,,,,
7934713219631.0,,,,,,
7934713219631.0,,,,,,
7934713219631.0,,,,,,
7934713219631.0,,,,,,
7934713219631.0,,,,,,
7934713219631.0,,,,,,
8217074871346.0,,,,,,
8499436523061.0,,,,,,
8781798174776.0,,,,,,
9064159826491.0,,,,,,
9064159826491.0,,,,,,
9064159826491.0,,,,,,
9064159826491.0,,,,,,
9064159826491.0,,,,,,
9064159826491.0,,,,,,
9064159826491.0,,,,,,
9064159826491.0,,,,,,
9064159826491.0,,,,,,
9064159826491.0,,,,,,
9038973386191.5,,,,,,
9013786945892.0,,,,,,
9013786945892.0,,,,,,
9013786945892.0,,,,,,
9013786945892.0,,,,,,
9013786945892.0,,,,,,
9256677211434.0,,,,,,
9499567476976.0,,,,,,
9742457742518.0,,,,,,
9985348008060.0,,,,,,
9985348008060.0,,,,,,
9985348008060.0,,,,,,
9985348008060.0,,,,,,
9985348008060.0,,,,,,
9985348008060.0,,,,,,
9985348008060.0,,,,,,
9985348008060.0,,,,,,
9985348008060.0,,,,,,
10034883114267.5,,,,,,
10084418220475.0,,,,,,
10133953326682.5,,,,,,
10183488432890.0,,,,,,
10183488432890.0,,,,,,
10183488432890.0,,,,,,
10183488432890.0,,,,,,
10183488432890.0,,,,,,
10183488432890.0,,,,,,
10183488432890.0,,,,,,
10477742548285.0,,,,,,
10771996663680.0,,,,,,
10771996663680.0,,,,,,
10771996663680.0,,,,,,
10771996663680.0,,,,,,
10771996663680.0,,,,,,
10771996663680.0,,,,,,
10771996663680.0,,,,,,
10771996663680.0,,,,,,
11051646237459.0,,,,,,
11331295811238.0,,,,,,
11610945385017.0,,,,,,
11890594958796.0,,,,,,
11890594958796.0,,,,,,
11890594958796.0,,,,,,
11890594958796.0,,,,,,
11890594958796.0,,,,,,
11890594958796.0,,,,,,
11890594958796.0,,,,,,
11890594958796.0,,,,,,
12325207181602.5,,,,,,
12759819404409.0,,,,,,
12759819404409.0,,,,,,
12759819404409.0,,,,,,
12759819404409.0,,,,,,
12759819404409.0,,,,,,
12817289835557.85,,,,,,
12874760266706.7,,,,,,
12908093116773.023,,,,,,
12941425966839.35,,,,,,
12974758816905.676,,,,,,
13008091666972.0,,,,,,
13008091666972.0,,,,,,
13008091666972.0,,,,,,
13008091666972.0,,,,,,
13008091666972.0,,,,,,
13008091666972.0,,,,,,
13008091666972.0,,,,,,
13008091666972.0,,,,,,
13008091666972.0,,,,,,
13178938759902.5,,,,,,
13349785852833.0,,,,,,
13520632945763.5,,,,,,
13691480038694.0,,,,,,
13691480038694.0,,,,,,
13691480038694.0,,,,,,
13691480038694.0,,,,,,
13691480038694.0,,,,,,
13680685874568.4,,,,,,
13669891710442.8,,,,,,
13194948488916.9,,,,,,
12720005267391.0,,,,,,
12720005267391.0,,,,,,
12720005267391.0,,,,,,
12720005267391.0,,,,,,
12720005267391.0,,,,,,
12720005267391.0,,,,,,
12720005267391.0,,,,,,
12720005267391.0,,,,,,
12783312942743.25,,,,,,
12846620618095.5,,,,,,
12909928293447.75,,,,,,
12973235968800.0,,,,,,
12973235968800.0,,,,,,
12973235968800.0,,,,,,
12973235968800.0,,,,,,
12973235968800.0,,,,,,
12973235968800.0,,,,,,
12973235968800.0,,,,,,
12973235968800.0,,,,,,
12964593758948.05,,,,,,
12955951549096.1,,,,,,
12916396819389.05,,,,,,
12876842089682.0,,,,,,
12876842089682.0,,,,,,
12876842089682.0,,,,,,
12876842089682.0,,,,,,
12876842089682.0,,,,,,
12894779922498.0,,,,,,
12912717755314.0,,,,,,
12930655588130.0,,,,,,
12948593420946.0,,,,,,
12948593420946.0,,,,,,
12948593420946.0,,,,,,
12948593420946.0,,,,,,
12948593420946.0,,,,,,
12948593420946.0,,,,,,
12948593420946.0,,,,,,
12948593420946.0,,,,,,
12948593420946.0,,,,,,
13161141022588.5,,,,,,
13373688624231.0,,,,,,
13586236225873.5,,,,,,
13798783827516.0,,,,,,
13798783827516.0,,,,,,
13798783827516.0,,,,,,
13798783827516.0,,,,,,
13798783827516.0,,,,,,
13798783827516.0,,,,,,
13798783827516.0,,,,,,
13805525784124.1,,,,,,
13812267740732.2,,,,,,
13819009697340.3,,,,,,
14138128976789.867,,,,,,
14457248256239.434,,,,,,
14776367535689.0,,,,,,
14776367535689.0,,,,,,
14776367535689.0,,,,,,
14776367535689.0,,,,,,
14776367535689.0,,,,,,
14776367535689.0,,,,,,
14776367535689.0,,,,,,
14776367535689.0,,,,,,
14948800385655.5,,,,,,
15121233235622.0,,,,,,
15293666085588.5,,,,,,
15466098935555.0,,,,,,
15466098935555.0,,,,,,
15466098935555.0,,,,,,
15466098935555.0,,,,,,
15466098935555.0,,,,,,
15466098935555.0,,,,,,
15466098935555.0,,,,,,
15466098935555.0,,,,,,
15466098935555.0,,,,,,
15484444273004.031,,,,,,
15502789610453.066,,,,,,
15521134947902.1,,,,,,
15529671887111.066,,,,,,
15538208826320.031,,,,,,
15546745765529.0,,,,,,
15546745765529.0,,,,,,
15546745765529.0,,,,,,
15546745765529.0,,,,,,
15546745765529.0,,,,,,
15546745765529.0,,,,,,
15546745765529.0,,,,,,
15531787684220.0,,,,,,
15516829602911.0,,,,,,
15501871521602.0,,,,,,
15486913440293.0,,,,,,
15486913440293.0,,,,,,
15486913440293.0,,,,,,
15486913440293.0,,,,,,
15486913440293.0,,,,,,
15486913440293.0,,,,,,
15486913440293.0,,,,,,
15486913440293.0,,,,,,
15486913440293.0,,,,,,
15753416072054.0,,,,,,
16019918703815.0,,,,,,
16286421335576.0,,,,,,
16552923967337.0,,,,,,
16552923967337.0,,,,,,
16552923967337.0,,,,,,
16552923967337.0,,,,,,
16552923967337.0,,,,,,
16552923967337.0,,,,,,
16552923967337.0,,,,,,
15348241504571.1,,,,,,
14143559041805.2,,,,,,
14085800293590.398,,,,,,
14028041545375.6,,,,,,
13970282797160.8,,,,,,
13912524048946.0,,,,,,
13912524048946.0,,,,,,
13912524048946.0,,,,,,
13912524048946.0,,,,,,
13912524048946.0,,,,,,
13912524048946.0,,,,,,
13912524048946.0,,,,,,
13912524048946.0,,,,,,
13912524048946.0,,,,,,
14113196551873.75,,,,,,
14313869054801.5,,,,,,
14514541557729.25,,,,,,
14715214060657.0,,,,,,
14715214060657.0,,,,,,
14715214060657.0,,,,,,
14715214060657.0,,,,,,
14715214060657.0,,,,,,
15336933194617.5,,,,,,
15958652328578.0,,,,,,
15958652328578.0,,,,,,
15958652328578.0,,,,,,
15958652328578.0,,,,,,
15958652328578.0,,,,,,
15958652328578.0,,,,,,
15988947147502.977,,,,,,
16019241966427.95,,,,,,
16049536785352.926,,,,,,
16079831604277.9,,,,,,
16086075574590.676,,,,,,
16092319544903.45,,,,,,
16098563515216.225,,,,,,
16104807485529.0,,,,,,
16104807485529.0,,,,,,
16104807485529.0,,,,,,
16104807485529.0,,,,,,
16104807485529.0,,,,,,
16104807485529.0,,,,,,
16104807485529.0,,,,,,
16104807485529.0,,,,,,
15621425366306.0,,,,,,
15138043247083.0,,,,,,
15138043247083.0,,,,,,
15138043247083.0,,,,,,
15138043247083.0,,,,,,
15138043247083.0,,,,,,
15138043247083.0,,,,,,
15138043247083.0,,,,,,
15138043247083.0,,,,,,
15138043247083.0,,,,,,
14786620461816.75,,,,,,
14435197676550.5,,,,,,
14083774891284.25,,,,,,
13732352106018.0,,,,,,
13732352106018.0,,,,,,
13732352106018.0,,,,,,
13732352106018.0,,,,,,
13732352106018.0,,,,,,
13732352106018.0,,,,,,
13732352106018.0,,,,,,
13732352106018.0,,,,,,
13732352106018.0,,,,,,
14245450155882.75,,,,,,
14758548205747.5,,,,,,
15271646255612.25,,,,,,
15784744305477.0,,,,,,
15784744305477.0,,,,,,
15784744305477.0,,,,,,
15784744305477.0,,,,,,
15784744305477.0,,,,,,
15784744305477.0,,,,,,
15784744305477.0,,,,,,
15784702499192.166,,,,,,
15784660692907.334,,,,,,
15784618886622.5,,,,,,
15784485106511.0,,,,,,
15784351326399.5,,,,,,
15784217546288.0,,,,,,
15784217546288.0,,,,,,
15784217546288.0,,,,,,
15784217546288.0,,,,,,
15784217546288.0,,,,,,
15784217546288.0,,,,,,
15784217546288.0,,,,,,
15784217546288.0,,,,,,
15784217546288.0,,,,,,
16174650377845.0,,,,,,
16565083209402.0,,,,,,
16955516040959.0,,,,,,
17345948872516.0,,,,,,
17345948872516.0,,,,,,
17345948872516.0,,,,,,
17345948872516.0,,,,,,
17345948872516.0,,,,,,
17345948872516.0,,,,,,
17345948872516.0,,,,,,
17345948872516.0,,,,,,
17179819785527.334,,,,,,
17013690698538.666,,,,,,
16847561611550.0,,,,,,
16847561611550.0,,,,,,
16847561611550.0,,,,,,
16847561611550.0,,,,,,
16847561611550.0,,,,,,
16847561611550.0,,,,,,
16847561611550.0,,,,,,
16847561611550.0,,,,,,
16847561611550.0,,,,,,
16847561611550.0,,,,,,
16872621792149.25,,,,,,
16897681972748.5,,,,,,
16922742153347.75,,,,,,
16947802333947.0,,,,,,
16947802333947.0,,,,,,
16947802333947.0,,,,,,
16947802333947.0,,,,,,
16947802333947.0,,,,,,
16947802333947.0,,,,,,
16947802333947.0,,,,,,
16947802333947.0,,,,,,
16947802333947.0,,,,,,
17100350009252.0,,,,,,
17252897684557.0,,,,,,
17405445359862.0,,,,,,
17557993035167.0,,,,,,
17557993035167.0,,,,,,
17557993035167.0,,,,,,
17557993035167.0,,,,,,
17557993035167.0,,,,,,
17557993035167.0,,,,,,
17557993035167.0,,,,,,
17557993035167.0,,,,,,
17557993035167.0,,,,,,
17557993035167.0,,,,,,
17487327958754.334,,,,,,
17416662882341.666,,,,,,
17345997805929.0,,,,,,
17345997805929.0,,,,,,
17345997805929.0,,,,,,
17345997805929.0,,,,,,
17345997805929.0,,,,,,
17345997805929.0,,,,,,
17345997805929.0,,,,,,
17345997805929.0,,,,,,
17345997805929.0,,,,,,
17838162455471.0,,,,,,
18330327105013.0,,,,,,
18822491754555.0,,,,,,
19314656404097.0,,,,,,
19314656404097.0,,,,,,
19314656404097.0,,,,,,
19314656404097.0,,,,,,
19314656404097.0,,,,,,
19314656404097.0,,,,,,
19314656404097.0,,,,,,
19314656404097.0,,,,,,
19310007235379.867,,,,,,
19305358066662.73,,,,,,
19300708897945.6,,,,,,
19299834994051.4,,,,,,
19298961090157.2,,,,,,
19298087186263.0,,,,,,
19298087186263.0,,,,,,
19298087186263.0,,,,,,
19298087186263.0,,,,,,
19298087186263.0,,,,,,
19298087186263.0,,,,,,
19298087186263.0,,,,,,
19472899388308.75,,,,,,
19647711590354.5,,,,,,
19822523792400.25,,,,,,
19997335994446.0,,,,,,
19997335994446.0,,,,,,
19997335994446.0,,,,,,
19997335994446.0,,,,,,
19997335994446.0,,,,,,
19997335994446.0,,,,,,
19997335994446.0,,,,,,
19997335994446.0,,,,,,
19997335994446.0,,,,,,
19997335994446.0,,,,,,
19997335994446.0,,,,,,
19997335994446.0,,,,,,
19997335994446.0,,,,,,
18927483866275.0,,,,,,
17857631738104.0,,,,,,
16787779609933.0,,,,,,
16787779609933.0,,,,,,
16787779609933.0,,,,,,
16787779609933.0,,,,,,
16787779609933.0,,,,,,
16787779609933.0,,,,,,
16787779609933.0,,,,,,
17057453426479.0,,,,,,
17327127243025.0,,,,,,
17596801059571.0,,,,,,
17596801059571.0,,,,,,
17596801059571.0,,,,,,
17596801059571.0,,,,,,
17596801059571.0,,,,,,
17596801059571.0,,,,,,
17596801059571.0,,,,,,
17596801059571.0,,,,,,
17596801059571.0,,,,,,
17737232889433.508,,,,,,
17877664719296.02,,,,,,
18018096549158.53,,,,,,
18158528379021.04,,,,,,
18408184965443.28,,,,,,
18657841551865.52,,,,,,
18907498138287.76,,,,,,
19157154724710.0,,,,,,
19157154724710.0,,,,,,
19157154724710.0,,,,,,
19157154724710.0,,,,,,
19157154724710.0,,,,,,
19157154724710.0,,,,,,
19157154724710.0,,,,,,
18994826002606.668,,,,,,
18832497280503.33,,,,,,
18670168558400.0,,,,,,
18670168558400.0,,,,,,
18670168558400.0,,,,,,
18670168558400.0,,,,,,
18670168558400.0,,,,,,
18670168558400.0,,,,,,
18670168558400.0,,,,,,
18670168558400.0,,,,,,
18670168558400.0,,,,,,
18670168558400.0,,,,,,
18670168558400.0,,,,,,
18652524680874.75,,,,,,
18634880803349.5,,,,,,
18617236925824.25,,,,,,
18599593048299.0,,,,,,
18599593048299.0,,,,,,
18599593048299.0,,,,,,
18599593048299.0,,,,,,
18599593048299.0,,,,,,
18599593048299.0,,,,,,
18599593048299.0,,,,,,
18599593048299.0,,,,,,
18599593048299.0,,,,,,
19268868133661.33,,,,,,
19938143219023.668,,,,,,
20607418304386.0,,,,,,
20607418304386.0,,,,,,
20607418304386.0,,,,,,
20607418304386.0,,,,,,
20607418304386.0,,,,,,
20607418304386.0,,,,,,
20607418304386.0,,,,,,
20679455919628.0,,,,,,
20751493534870.0,,,,,,
20823531150112.0,,,,,,
20823531150112.0,,,,,,
20823531150112.0,,,,,,
20823531150112.0,,,,,,
20823531150112.0,,,,,,
20823531150112.0,,,,,,
20823531150112.0,,,,,,
20823531150112.0,,,,,,
20823531150112.0,,,,,,
20823531150112.0,,,,,,
20823531150112.0,,,,,,
20823531150112.0,,,,,,
20823531150112.0,,,,,,
20976247352921.25,,,,,,
21128963555730.5,,,,,,
21281679758539.75,,,,,,
21434395961349.0,,,,,,
21434395961349.0,,,,,,
21434395961349.0,,,,,,
21434395961349.0,,,,,,
21434395961349.0,,,,,,
21434395961349.0,,,,,,
21434395961349.0,,,,,,
21530975607581.668,,,,,,
21627555253814.33,,,,,,
21724134900047.0,,,,,,
21724134900047.0,,,,,,
21724134900047.0,,,,,,
21724134900047.0,,,,,,
21724134900047.0,,,,,,
21724134900047.0,,,,,,
21724134900047.0,,,,,,
21724134900047.0,,,,,,
21724134900047.0,,,,,,
21724134900047.0,,,,,,
21724134900047.0,,,,,,
21655170615300.25,,,,,,
21586206330553.5,,,,,,
21517242045806.75,,,,,,
21448277761060.0,,,,,,
21448277761060.0,,,,,,
21448277761060.0,,,,,,
21448277761060.0,,,,,,
21448277761060.0,,,,,,
21448277761060.0,,,,,,
21448277761060.0,,,,,,
21448277761060.0,,,,,,
21448277761060.0,,,,,,
21587371188910.33,,,,,,
21726464616760.668,,,,,,
21865558044611.0,,,,,,
21865558044611.0,,,,,,
21865558044611.0,,,,,,
21865558044611.0,,,,,,
21865558044611.0,,,,,,
21865558044611.0,,,,,,
21865558044611.0,,,,,,
22265292268624.457,,,,,,
22665026492637.914,,,,,,
23064760716651.37,,,,,,
23082930454106.527,,,,,,
23101100191561.688,,,,,,
23119269929016.844,,,,,,
23137439666472.0,,,,,,
23137439666472.0,,,,,,
23137439666472.0,,,,,,
23137439666472.0,,,,,,
23137439666472.0,,,,,,
23137439666472.0,,,,,,
23137439666472.0,,,,,,
23137439666472.0,,,,,,
23137439666472.0,,,,,,
23248575110770.0,,,,,,
23359710555068.0,,,,,,
23470845999366.0,,,,,,
23581981443664.0,,,,,,
23581981443664.0,,,,,,
23581981443664.0,,,,,,
23581981443664.0,,,,,,
23581981443664.0,,,,,,
23581981443664.0,,,,,,
23581981443664.0,,,,,,
23581981443664.0,,,,,,
23581981443664.0,,,,,,
23581981443664.0,,,,,,
22590936208365.33,,,,,,
21599890973066.668,,,,,,
20608845737768.0,,,,,,
20608845737768.0,,,,,,
20608845737768.0,,,,,,
20608845737768.0,,,,,,
20608845737768.0,,,,,,
20608845737768.0,,,,,,
20608845737768.0,,,,,,
20608845737768.0,,,,,,
21718256200846.75,,,,,,
22827666663925.5,,,,,,
23937077127004.25,,,,,,
25046487590083.0,,,,,,
25046487590083.0,,,,,,
25046487590083.0,,,,,,
25046487590083.0,,,,,,
25046487590083.0,,,,,,
25046487590083.0,,,,,,
25046487590083.0,,,,,,
25046487590083.0,,,,,,
25046487590083.0,,,,,,
25046487590083.0,,,,,,
25046487590083.0,,,,,,
25046487590083.0,,,,,,
23713568584206.0,,,,,,
22380649578329.0,,,,,,
21047730572452.0,,,,,,
21047730572452.0,,,,,,
21047730572452.0,,,,,,
21047730572452.0,,,,,,
21047730572452.0,,,,,,
21047730572452.0,,,,,,
21047730572452.0,,,,,,
20994939874289.64,,,,,,
20942149176127.28,,,,,,
20889358477964.93,,,,,,
20836567779802.566,,,,,,
20610623591667.68,,,,,,
20384679403532.78,,,,,,
20158735215397.89,,,,,,
19932791027263.0,,,,,,
19932791027263.0,,,,,,
19932791027263.0,,,,,,
19932791027263.0,,,,,,
19932791027263.0,,,,,,
19932791027263.0,,,,,,
19932791027263.0,,,,,,
19932791027263.0,,,,,,
19932791027263.0,,,,,,
19932791027263.0,,,,,,
19932791027263.0,,,,,,
19932791027263.0,,,,,,
18500147970430.73,,,,,,
17067504913598.465,,,,,,
15634861856766.195,,,,,,
15210916462397.465,,,,,,
14786971068028.732,,,,,,
14363025673660.0,,,,,,
14363025673660.0,,,,,,
14363025673660.0,,,,,,
14363025673660.0,,,,,,
14363025673660.0,,,,,,
14363025673660.0,,,,,,
14363025673660.0,,,,,,
14190417823448.5,,,,,,
14017809973237.0,,,,,,
13845202123025.5,,,,,,
13672594272814.0,,,,,,
13672594272814.0,,,,,,
13672594272814.0,,,,,,
13672594272814.0,,,,,,
13672594272814.0,,,,,,
13672594272814.0,,,,,,
13672594272814.0,,,,,,
13672594272814.0,,,,,,
13672594272814.0,,,,,,
13834235450596.184,,,,,,
13995876628378.367,,,,,,
14157517806160.55,,,,,,
14319158983942.734,,,,,,
14378253608078.156,,,,,,
14437348232213.578,,,,,,
14496442856349.0,,,,,,
14496442856349.0,,,,,,
14496442856349.0,,,,,,
14496442856349.0,,,,,,
14496442856349.0,,,,,,
14496442856349.0,,,,,,
14496442856349.0,,,,,,
14849659810133.666,,,,,,
15202876763918.334,,,,,,
15556093717703.0,,,,,,
15556093717703.0,,,,,,
15556093717703.0,,,,,,
15556093717703.0,,,,,,
15556093717703.0,,,,,,
15556093717703.0,,,,,,
15556093717703.0,,,,,,
15556093717703.0,,,,,,
15556093717703.0,,,,,,
16070828548097.0,,,,,,
16585563378491.0,,,,,,
17100298208885.0,,,,,,
17615033039279.0,,,,,,
17615033039279.0,,,,,,
17615033039279.0,,,,,,
17615033039279.0,,,,,,
17615033039279.0,,,,,,
17615033039279.0,,,,,,
17615033039279.0,,,,,,
17615033039279.0,,,,,,
17881740970225.332,,,,,,
18148448901171.668,,,,,,
18415156832118.0,,,,,,
18415156832118.0,,,,,,
18415156832118.0,,,,,,
18415156832118.0,,,,,,
18415156832118.0,,,,,,
18415156832118.0,,,,,,
18415156832118.0,,,,,,
18487770054783.28,,,,,,
18560383277448.547,,,,,,
18632996500113.82,,,,,,
18724157665525.12,,,,,,
18815318830936.41,,,,,,
18906479996347.703,,,,,,
18997641161759.0,,,,,,
18997641161759.0,,,,,,
18997641161759.0,,,,,,
18997641161759.0,,,,,,
18997641161759.0,,,,,,
18997641161759.0,,,,,,
18997641161759.0,,,,,,
18997641161759.0,,,,,,
18997641161759.0,,,,,,
19221492133463.0,,,,,,
19445343105167.0,,,,,,
19669194076871.0,,,,,,
19893045048575.0,,,,,,
19893045048575.0,,,,,,
19893045048575.0,,,,,,
19893045048575.0,,,,,,
19893045048575.0,,,,,,
19893045048575.0,,,,,,
19893045048575.0,,,,,,
19956183409327.0,,,,,,
20019321770079.0,,,,,,
20082460130831.0,,,,,,
20082460130831.0,,,,,,
20082460130831.0,,,,,,
20082460130831.0,,,,,,
20082460130831.0,,,,,,
20082460130831.0,,,,,,
20082460130831.0,,,,,,
20082460130831.0,,,,,,
20133510355010.52,,,,,,
20184560579190.035,,,,,,
20235610803369.555,,,,,,
20286661027549.07,,,,,,
20629831978978.05,,,,,,
20973002930407.035,,,,,,
21316173881836.016,,,,,,
21659344833265.0,,,,,,
21659344833265.0,,,,,,
21659344833265.0,,,,,,
21659344833265.0,,,,,,
21659344833265.0,,,,,,
21659344833265.0,,,,,,
21659344833265.0,,,,,,
21659344833265.0,,,,,,
21997612633327.668,,,,,,
22335880433390.33,,,,,,
22674148233453.0,,,,,,
22674148233453.0,,,,,,
22674148233453.0,,,,,,
22674148233453.0,,,,,,
22674148233453.0,,,,,,
22674148233453.0,,,,,,
22674148233453.0,,,,,,
22604339957797.21,,,,,,
22534531682141.44,,,,,,
22464723406485.65,,,,,,
22432457372098.234,,,,,,
22400191337710.824,,,,,,
22367925303323.41,,,,,,
22335659268936.0,,,,,,
22335659268936.0,,,,,,
22335659268936.0,,,,,,
22335659268936.0,,,,,,
22335659268936.0,,,,,,
22335659268936.0,,,,,,
22335659268936.0,,,,,,
22335659268936.0,,,,,,
22335659268936.0,,,,,,
22800566196855.5,,,,,,
23265473124775.0,,,,,,
23730380052694.5,,,,,,
24195286980614.0,,,,,,
24195286980614.0,,,,,,
24195286980614.0,,,,,,
24195286980614.0,,,,,,
24195286980614.0,,,,,,
24195286980614.0,,,,,,
24195286980614.0,,,,,,
24220968652736.0,,,,,,
24246650324858.0,,,,,,
24272331996980.0,,,,,,
24272331996980.0,,,,,,
24272331996980.0,,,,,,
24272331996980.0,,,,,,
24272331996980.0,,,,,,
24272331996980.0,,,,,,
24272331996980.0,,,,,,
24272331996980.0,,,,,,
24272331996980.0,,,,,,
24272331996980.0,,,,,,
24272331996980.0,,,,,,
24272331996980.0,,,,,,
24297217651321.5,,,,,,
24322103305663.0,,,,,,
24346988960004.5,,,,,,
24371874614346.0,,,,,,
24371874614346.0,,,,,,
24371874614346.0,,,,,,
24371874614346.0,,,,,,
24371874614346.0,,,,,,
24371874614346.0,,,,,,
24371874614346.0,,,,,,
24371874614346.0,,,,,,
25128978161742.33,,,,,,
25886081709138.668,,,,,,
26643185256535.0,,,,,,
26643185256535.0,,,,,,
26643185256535.0,,,,,,
26643185256535.0,,,,,,
26643185256535.0,,,,,,
26643185256535.0,,,,,,
26643185256535.0,,,,,,
26657023111712.68,,,,,,
26670860966890.355,,,,,,
26684698822068.03,,,,,,
26686155438402.523,,,,,,
26687612054737.016,,,,,,
26689068671071.508,,,,,,
26690525287406.0,,,,,,
26690525287406.0,,,,,,
26690525287406.0,,,,,,
26690525287406.0,,,,,,
26690525287406.0,,,,,,
26690525287406.0,,,,,,
26690525287406.0,,,,,,
26690525287406.0,,,,,,
26690525287406.0,,,,,,
27009682098663.0,,,,,,
27328838909920.0,,,,,,
27647995721177.0,,,,,,
27967152532434.0,,,,,,
27967152532434.0,,,,,,
27967152532434.0,,,,,,
27967152532434.0,,,,,,
27967152532434.0,,,,,,
27967152532434.0,,,,,,
27967152532434.0,,,,,,
27828212383070.668,,,,,,
27689272233707.33,,,,,,
27550332084344.0,,,,,,
27550332084344.0,,,,,,
27550332084344.0,,,,,,
27550332084344.0,,,,,,
27550332084344.0,,,,,,
27550332084344.0,,,,,,
27550332084344.0,,,,,,
27550332084344.0,,,,,,
27550332084344.0,,,,,,
27550332084344.0,,,,,,
27550332084344.0,,,,,,
27550332084344.0,,,,,,
27525925987374.5,,,,,,
27501519890405.0,,,,,,
27477113793435.5,,,,,,
27452707696466.0,,,,,,
27452707696466.0,,,,,,
27452707696466.0,,,,,,
27452707696466.0,,,,,,
27452707696466.0,,,,,,
27452707696466.0,,,,,,
27452707696466.0,,,,,,
27452707696466.0,,,,,,
27830857058375.668,,,,,,
28209006420285.33,,,,,,
28587155782195.0,,,,,,
28587155782195.0,,,,,,
28587155782195.0,,,,,,
28587155782195.0,,,,,,
28587155782195.0,,,,,,
28587155782195.0,,,,,,
28587155782195.0,,,,,,
28587155782195.0,,,,,,
28587155782195.0,,,,,,
28587155782195.0,,,,,,
28496848874449.0,,,,,,
28406541966703.0,,,,,,
28316235058957.0,,,,,,
28225928151211.0,,,,,,
28225928151211.0,,,,,,
28225928151211.0,,,,,,
28225928151211.0,,,,,,
28225928151211.0,,,,,,
28225928151211.0,,,,,,
28225928151211.0,,,,,,
28225928151211.0,,,,,,
28225928151211.0,,,,,,
28618048010736.25,,,,,,
29010167870261.5,,,,,,
29402287729786.75,,,,,,
29794407589312.0,,,,,,
29794407589312.0,,,,,,
29794407589312.0,,,,,,
29794407589312.0,,,,,,
29794407589312.0,,,,,,
29794407589312.0,,,,,,
29794407589312.0,,,,,,
30279972181445.0,,,,,,
30765536773578.0,,,,,,
31251101365711.0,,,,,,
31251101365711.0,,,,,,
31251101365711.0,,,,,,
31251101365711.0,,,,,,
31251101365711.0,,,,,,
31251101365711.0,,,,,,
31251101365711.0,,,,,,
31251101365711.0,,,,,,
31251101365711.0,,,,,,
31251101365711.0,,,,,,
31251101365711.0,,,,,,
31251101365711.0,,,,,,
30912678446491.75,,,,,,
30574255527272.5,,,,,,
30235832608053.25,,,,,,
29897409688834.0,,,,,,
29897409688834.0,,,,,,
29897409688834.0,,,,,,
29897409688834.0,,,,,,
29897409688834.0,,,,,,
29897409688834.0,,,,,,
29897409688834.0,,,,,,
29897409688834.0,,,,,,
29967504696911.887,,,,,,
30037599704989.77,,,,,,
30107694713067.656,,,,,,
30166227657957.44,,,,,,
30224760602847.22,,,,,,
30283293547737.0,,,,,,
30283293547737.0,,,,,,
30283293547737.0,,,,,,
30283293547737.0,,,,,,
30283293547737.0,,,,,,
30283293547737.0,,,,,,
30283293547737.0,,,,,,
30283293547737.0,,,,,,
30105012319892.25,,,,,,
29926731092047.5,,,,,,
29748449864202.75,,,,,,
29570168636358.0,,,,,,
29570168636358.0,,,,,,
29570168636358.0,,,,,,
29570168636358.0,,,,,,
29570168636358.0,,,,,,
29570168636358.0,,,,,,
29570168636358.0,,,,,,
29570168636358.0,,,,,,
29570168636358.0,,,,,,
29570168636358.0,,,,,,
29570168636358.0,,,,,,
29570168636358.0,,,,,,
29431045360329.33,,,,,,
29291922084300.668,,,,,,
29152798808272.0,,,,,,
29152798808272.0,,,,,,
29152798808272.0,,,,,,
29152798808272.0,,,,,,
29152798808272.0,,,,,,
29152798808272.0,,,,,,
29152798808272.0,,,,,,
28666055191926.0,,,,,,
28179311575580.0,,,,,,
27692567959234.0,,,,,,
27692567959234.0,,,,,,
27692567959234.0,,,,,,
27692567959234.0,,,,,,
27692567959234.0,,,,,,
27692567959234.0,,,,,,
27692567959234.0,,,,,,
27692567959234.0,,,,,,
27692567959234.0,,,,,,
27692567959234.0,,,,,,
27692567959234.0,,,,,,
27692567959234.0,,,,,,
27692567959234.0,,,,,,
27813093089747.75,,,,,,
27933618220261.5,,,,,,
28054143350775.25,,,,,,
28174668481289.0,,,,,,
28174668481289.0,,,,,,
28174668481289.0,,,,,,
28174668481289.0,,,,,,
28174668481289.0,,,,,,
28174668481289.0,,,,,,
28174668481289.0,,,,,,
28233647902024.0,,,,,,
28292627322759.0,,,,,,
28351606743494.0,,,,,,
28351606743494.0,,,,,,
28351606743494.0,,,,,,
28351606743494.0,,,,,,
28351606743494.0,,,,,,
28351606743494.0,,,,,,
28351606743494.0,,,,,,
28351606743494.0,,,,,,
28837134246631.547,,,,,,
29322661749769.094,,,,,,
29808189252906.645,,,,,,
30293716756044.19,,,,,,
30464550507148.145,,,,,,
30635384258252.094,,,,,,
30806218009356.047,,,,,,
30977051760460.0,,,,,,
30977051760460.0,,,,,,
30977051760460.0,,,,,,
30977051760460.0,,,,,,
30977051760460.0,,,,,,
30977051760460.0,,,,,,
30977051760460.0,,,,,,
30977051760460.0,,,,,,
31333154362074.33,,,,,,
31689256963688.668,,,,,,
32045359565303.0,,,,,,
32045359565303.0,,,,,,
32045359565303.0,,,,,,
32045359565303.0,,,,,,
32045359565303.0,,,,,,
32045359565303.0,,,,,,
32045359565303.0,,,,,,
31836872541468.23,,,,,,
31628385517633.46,,,,,,
31419898493798.69,,,,,,
31405060913635.27,,,,,,
31390223333471.844,,,,,,
31375385753308.42,,,,,,
31360548173145.0,,,,,,
31360548173145.0,,,,,,
31360548173145.0,,,,,,
31360548173145.0,,,,,,
31360548173145.0,,,,,,
31955076630251.16,,,,,,
32549605087357.32,,,,,,
33144133544463.48,,,,,,
33738662001569.64,,,,,,
34206695042270.227,,,,,,
34674728082970.82,,,,,,
35142761123671.41,,,,,,
35610794164372.0,,,,,,
35610794164372.0,,,,,,
35610794164372.0,,,,,,
35610794164372.0,,,,,,
35610794164372.0,,,,,,
35610794164372.0,,,,,,
35610794164372.0,,,,,,
36019090291844.0,,,,,,
36427386419316.0,,,,,,
36835682546788.0,,,,,,
36835682546788.0,,,,,,
36835682546788.0,,,,,,
36835682546788.0,,,,,,
36835682546788.0,,,,,,
36835682546788.0,,,,,,
36835682546788.0,,,,,,
36835682546788.0,,,,,,
36818459797962.766,,,,,,
36801237049137.53,,,,,,
36784014300312.3,,,,,,
36766791551487.06,,,,,,
36765643368232.05,,,,,,
36764495184977.03,,,,,,
36763347001722.016,,,,,,
36762198818467.0,,,,,,
36762198818467.0,,,,,,
36762198818467.0,,,,,,
36762198818467.0,,,,,,
36762198818467.0,,,,,,
36762198818467.0,,,,,,
36762198818467.0,,,,,,
36762198818467.0,,,,,,
36824963901385.336,,,,,,
36887728984303.664,,,,,,
36950494067222.0,,,,,,
36950494067222.0,,,,,,
36950494067222.0,,,,,,
36950494067222.0,,,,,,
36950494067222.0,,,,,,
36950494067222.0,,,,,,
36950494067222.0,,,,,,
36950494067222.0,,,,,,
36950494067222.0,,,,,,
36950494067222.0,,,,,,
36273953453710.5,,,,,,
35597412840199.0,,,,,,
34920872226687.5,,,,,,
34244331613176.0,,,,,,
34244331613176.0,,,,,,
34244331613176.0,,,,,,
34244331613176.0,,,,,,
34244331613176.0,,,,,,
34244331613176.0,,,,,,
34244331613176.0,,,,,,
34244331613176.0,,,,,,
34244331613176.0,,,,,,
34524265184996.25,,,,,,
34804198756816.5,,,,,,
35084132328636.75,,,,,,
35364065900457.0,,,,,,
35364065900457.0,,,,,,
35364065900457.0,,,,,,
35364065900457.0,,,,,,
35364065900457.0,,,,,,
35364065900457.0,,,,,,
35364065900457.0,,,,,,
35364065900457.0,,,,,,
35364065900457.0,,,,,,
35364065900457.0,,,,,,
34940567375372.668,,,,,,
34517068850288.33,,,,,,
34093570325204.0,,,,,,
34093570325204.0,,,,,,
34093570325204.0,,,,,,
34093570325204.0,,,,,,
34093570325204.0,,,,,,
34093570325204.0,,,,,,
34093570325204.0,,,,,,
34093570325204.0,,,,,,
34093570325204.0,,,,,,
34967791157777.25,,,,,,
35842011990350.5,,,,,,
36716232822923.75,,,,,,
37590453655497.0,,,,,,
37590453655497.0,,,,,,
37590453655497.0,,,,,,
37590453655497.0,,,,,,
37590453655497.0,,,,,,
37590453655497.0,,,,,,
37590453655497.0,,,,,,
37590453655497.0,,,,,,
38177283259589.0,,,,,,
38764112863681.0,,,,,,
39350942467773.0,,,,,,
39350942467773.0,,,,,,
39350942467773.0,,,,,,
39350942467773.0,,,,,,
39350942467773.0,,,,,,
39350942467773.0,,,,,,
39350942467773.0,,,,,,
39350942467773.0,,,,,,
39350942467773.0,,,,,,
39350942467773.0,,,,,,
39302306865653.0,,,,,,
39253671263533.0,,,,,,
39205035661413.0,,,,,,
39156400059293.0,,,,,,
39156400059293.0,,,,,,
39156400059293.0,,,,,,
39156400059293.0,,,,,,
39156400059293.0,,,,,,
39156400059293.0,,,,,,
39156400059293.0,,,,,,
39156400059293.0,,,,,,
39156400059293.0,,,,,,
40130761092951.75,,,,,,
41105122126610.5,,,,,,
42079483160269.25,,,,,,
43053844193928.0,,,,,,
43053844193928.0,,,,,,
43053844193928.0,,,,,,
43053844193928.0,,,,,,
43053844193928.0,,,,,,
43053844193928.0,,,,,,
43053844193928.0,,,,,,
43219803533815.336,,,,,,
43385762873702.66,,,,,,
43551722213590.0,,,,,,
43551722213590.0,,,,,,
43551722213590.0,,,,,,
43551722213590.0,,,,,,
43551722213590.0,,,,,,
43551722213590.0,,,,,,
43551722213590.0,,,,,,
43551722213590.0,,,,,,
43605684149207.82,,,,,,
43659646084825.64,,,,,,
43713608020443.46,,,,,,
43767569956061.28,,,,,,
44536527538615.21,,,,,,
45305485121169.14,,,,,,
46074442703723.07,,,,,,
46843400286277.0,,,,,,
46843400286277.0,,,,,,
46843400286277.0,,,,,,
46843400286277.0,,,,,,
46843400286277.0,,,,,,
46843400286277.0,,,,,,
46843400286277.0,,,,,,
46843400286277.0,,,,,,
47191521637030.0,,,,,,
47539642987783.0,,,,,,
47887764338536.0,,,,,,
47887764338536.0,,,,,,
47887764338536.0,,,,,,
47887764338536.0,,,,,,
47887764338536.0,,,,,,
47887764338536.0,,,,,,
47887764338536.0,,,,,,
48024171222151.07,,,,,,
48160578105766.13,,,,,,
48296984989381.2,,,,,,
48400840230315.41,,,,,,
48504695471249.6,,,,,,
48608550712183.8,,,,,,
48712405953118.0,,,,,,
48712405953118.0,,,,,,
48712405953118.0,,,,,,
48712405953118.0,,,,,,
48712405953118.0,,,,,,
48712405953118.0,,,,,,
48712405953118.0,,,,,,
48712405953118.0,,,,,,
48712405953118.0,,,,,,
48535688043233.25,,,,,,
48358970133348.5,,,,,,
48182252223463.75,,,,,,
48005534313579.0,,,,,,
48005534313579.0,,,,,,
48005534313579.0,,,,,,
48005534313579.0,,,,,,
48005534313579.0,,,,,,
48005534313579.0,,,,,,
48005534313579.0,,,,,,
48399790194008.11,,,,,,
48794046074437.21,,,,,,
49188301954866.32,,,,,,
49308769029441.88,,,,,,
49429236104017.44,,,,,,
49549703178593.0,,,,,,
49549703178593.0,,,,,,
49549703178593.0,,,,,,
49549703178593.0,,,,,,
49549703178593.0,,,,,,
49549703178593.0,,,,,,
49549703178593.0,,,,,,
49549703178593.0,,,,,,
49549703178593.0,,,,,,
49970862099805.5,,,,,,
50392021021018.0,,,,,,
50813179942230.5,,,,,,
51234338863443.0,,,,,,
51234338863443.0,,,,,,
51234338863443.0,,,,,,
51234338863443.0,,,,,,
51234338863443.0,,,,,,
51234338863443.0,,,,,,
51234338863443.0,,,,,,
51234338863443.0,,,,,,
51606372394124.336,,,,,,
51978405924805.664,,,,,,
52350439455487.0,,,,,,
52350439455487.0,,,,,,
52350439455487.0,,,,,,
52350439455487.0,,,,,,
52350439455487.0,,,,,,
52350439455487.0,,,,,,
52350439455487.0,,,,,,
52350439455487.0,,,,,,
52350439455487.0,,,,,,
52350439455487.0,,,,,,
51924381199379.75,,,,,,
51498322943272.5,,,,,,
51072264687165.25,,,,,,
50646206431058.0,,,,,,
50646206431058.0,,,,,,
50646206431058.0,,,,,,
50646206431058.0,,,,,,
50646206431058.0,,,,,,
50646206431058.0,,,,,,
50646206431058.0,,,,,,
50646206431058.0,,,,,,
50646206431058.0,,,,,,
51462448073557.25,,,,,,
52278689716056.5,,,,,,
53094931358555.75,,,,,,
53911173001055.0,,,,,,
53911173001055.0,,,,,,
53911173001055.0,,,,,,
53911173001055.0,,,,,,
53911173001055.0,,,,,,
53911173001055.0,,,,,,
53911173001055.0,,,,,,
53911173001055.0,,,,,,
53911173001055.0,,,,,,
53911173001055.0,,,,,,
53383552688518.0,,,,,,
52855932375981.0,,,,,,
52328312063444.0,,,,,,
52328312063444.0,,,,,,
52328312063444.0,,,,,,
52328312063444.0,,,,,,
52328312063444.0,,,,,,
52328312063444.0,,,,,,
52328312063444.0,,,,,,
52328312063444.0,,,,,,
52328312063444.0,,,,,,
52344028792927.75,,,,,,
52359745522411.5,,,,,,
52375462251895.25,,,,,,
52391178981379.0,,,,,,
52391178981379.0,,,,,,
52391178981379.0,,,,,,
52391178981379.0,,,,,,
52391178981379.0,,,,,,
52391178981379.0,,,,,,
52391178981379.0,,,,,,
52391178981379.0,,,,,,
52790256028877.14,,,,,,
53189333076375.29,,,,,,
53588410123873.43,,,,,,
54266088129058.95,,,,,,
54943766134244.48,,,,,,
55621444139430.0,,,,,,
55621444139430.0,,,,,,
55621444139430.0,,,,,,
55621444139430.0,,,,,,
55621444139430.0,,,,,,
55621444139430.0,,,,,,
55621444139430.0,,,,,,
55621444139430.0,,,,,,
55253618696942.5,,,,,,
54885793254455.0,,,,,,
54517967811967.5,,,,,,
54150142369480.0,,,,,,
54150142369480.0,,,,,,
54150142369480.0,,,,,,
54150142369480.0,,,,,,
54150142369480.0,,,,,,
54150142369480.0,,,,,,
54150142369480.0,,,,,,
54150142369480.0,,,,,,
54150142369480.0,,,,,,
54705631235048.56,,,,,,
55261120100617.12,,,,,,
55816608966185.68,,,,,,
56251029745668.79,,,,,,
56685450525151.89,,,,,,
57119871304635.0,,,,,,
57119871304635.0,,,,,,
57119871304635.0,,,,,,
57119871304635.0,,,,,,
57119871304635.0,,,,,,
57119871304635.0,,,,,,
57119871304635.0,,,,,,
57187083612842.66,,,,,,
57254295921050.336,,,,,,
57321508229258.0,,,,,,
57321508229258.0,,,,,,
57321508229258.0,,,,,,
57321508229258.0,,,,,,
57321508229258.0,,,,,,
57321508229258.0,,,,,,
57321508229258.0,,,,,,
57321508229258.0,,,,,,
57321508229258.0,,,,,,
58248801667737.5,,,,,,
59176095106217.0,,,,,,
60103388544696.5,,,,,,
61030681983176.0,,,,,,
61030681983176.0,,,,,,
61030681983176.0,,,,,,
61030681983176.0,,,,,,
61030681983176.0,,,,,,
61030681983176.0,,,,,,
61030681983176.0,,,,,,
61030681983176.0,,,,,,
61030681983176.0,,,,,,
61030681983176.0,,,,,,
61030681983176.0,,,,,,
61508278544361.664,,,,,,
61985875105547.336,,,,,,
62463471666733.0,,,,,,
62463471666733.0,,,,,,
62463471666733.0,,,,,,
62463471666733.0,,,,,,
62463471666732.98,,,,,,
62463471666732.97,,,,,,
62463471666732.95,,,,,,
62463471666732.94,,,,,,
63017250700923.95,,,,,,
63571029735114.97,,,,,,
64124808769305.984,,,,,,
64678587803497.0,,,,,,
64678587803496.98,,,,,,
64678587803496.97,,,,,,
64678587803496.95,,,,,,
64678587803496.94,,,,,,
64678587803496.95,,,,,,
64678587803496.95,,,,,,
64678587803496.97,,,,,,
64678587803496.98,,,,,,
65756681774587.73,,,,,,
66834775745678.47,,,,,,
67912869716769.22,,,,,,
67927843244145.48,,,,,,
67942816771521.74,,,,,,
67957790298898.0,,,,,,
67957790298898.0,,,,,,
67957790298898.0,,,,,,
67957790298898.0,,,,,,
67957790298898.0,,,,,,
67957790298898.0,,,,,,
67957790298898.0,,,,,,
67740495833275.69,,,,,,
67523201367653.37,,,,,,
67305906902031.055,,,,,,
67305906902031.06,,,,,,
67305906902031.08,,,,,,
67305906902031.09,,,,,,
67305906902031.1,,,,,,
67305906902031.09,,,,,,
67305906902031.08,,,,,,
67305906902031.07,,,,,,
67305906902031.06,,,,,,
68480966796165.11,,,,,,
69656026690299.16,,,,,,
70831086584433.2,,,,,,
72006146478567.25,,,,,,
72006146478567.19,,,,,,
72006146478567.12,,,,,,
72006146478567.06,,,,,,
72006146478567.0,,,,,,
72006146478567.06,,,,,,
72006146478567.11,,,,,,
72006146478567.17,,,,,,
72006146478567.14,,,,,,
72006146478567.11,,,,,,
72006146478567.08,,,,,,
72403309054527.39,,,,,,
72800471630487.69,,,,,,
73197634206448.0,,,,,,
73197634206448.0,,,,,,
73197634206448.0,,,,,,
73197634206448.0,,,,,,
73197634206448.0,,,,,,
73197634206448.0,,,,,,
73197634206448.0,,,,,,
73197634206448.0,,,,,,
72484105631052.77,,,,,,
71770577055657.55,,,,,,
71057048480262.31,,,,,,
70343519904867.086,,,,,,
70343519904867.14,,,,,,
70343519904867.19,,,,,,
70343519904867.234,,,,,,
70343519904867.29,,,,,,
70343519904867.27,,,,,,
70343519904867.234,,,,,,
70343519904867.2,,,,,,
70343519904867.18,,,,,,
71011216957152.53,,,,,,
71678914009437.88,,,,,,
72346611061723.23,,,,,,
73398462582446.83,,,,,,
74450314103170.4,,,,,,
75502165623894.0,,,,,,
75502165623894.0,,,,,,
75502165623894.0,,,,,,
75502165623894.0,,,,,,
75502165623894.0,,,,,,
75502165623894.0,,,,,,
75502165623894.0,,,,,,
77057949173431.27,,,,,,
78613732722968.53,,,,,,
80169516272505.81,,,,,,
81725299822043.08,,,,,,
81725299822043.1,,,,,,
81725299822043.12,,,,,,
81725299822043.16,,,,,,
81725299822043.17,,,,,,
81725299822043.17,,,,,,
81725299822043.16,,,,,,
81725299822043.16,,,,,,
81725299822043.16,,,,,,
81151051961742.73,,,,,,
80576804101442.31,,,,,,
80002556241141.9,,,,,,
79428308380841.48,,,,,,
79402614964273.22,,,,,,
79376921547704.95,,,,,,
79351228131136.69,,,,,,
79351228131136.7,,,,,,
79351228131136.7,,,,,,
79351228131136.72,,,,,,
79351228131136.72,,,,,,
79351228131136.72,,,,,,
79351228131136.72,,,,,,
80883456481211.81,,,,,,
82415684831286.9,,,,,,
83947913181362.0,,,,,,
83947913181362.0,,,,,,
83947913181362.0,,,,,,
83947913181362.0,,,,,,
83947913181362.0,,,,,,
83947913181362.0,,,,,,
83947913181362.0,,,,,,
83947913181362.0,,,,,,
83742684221027.69,,,,,,
83537455260693.38,,,,,,
83332226300359.06,,,,,,
83126997340024.75,,,,,,
83126997340024.75,,,,,,
83126997340024.75,,,,,,
83126997340024.73,,,,,,
83126997340024.73,,,,,,
83126997340024.72,,,,,,
83126997340024.72,,,,,,
83126997340024.72,,,,,,
83126997340024.7,,,,,,
83234996068009.73,,,,,,
83342994795994.78,,,,,,
83450993523979.81,,,,,,
84430181991043.66,,,,,,
85409370458107.5,,,,,,
86388558925171.34,,,,,,
86388558925171.33,,,,,,
86388558925171.3,,,,,,
86388558925171.28,,,,,,
86388558925171.3,,,,,,
86388558925171.3,,,,,,
86388558925171.31,,,,,,
86817466973576.69,,,,,,
87246375021982.05,,,,,,
87675283070387.4,,,,,,
88104191118792.78,,,,,,
88104191118792.77,,,,,,
88104191118792.75,,,,,,
88104191118792.75,,,,,,
88104191118792.73,,,,,,
88104191118792.73,,,,,,
88104191118792.73,,,,,,
88104191118792.73,,,,,,
88104191118792.73,,,,,,
88104191118792.77,,,,,,
88104191118792.78,,,,,,
88104191118792.81,,,,,,
86452245808941.88,,,,,,
84800300499090.94,,,,,,
83148355189240.0,,,,,,
83148355189240.0,,,,,,
83148355189240.0,,,,,,
83148355189240.0,,,,,,
83148355189240.0,,,,,,
83148355189240.0,,,,,,
83148355189240.0,,,,,,
83559390722437.11,,,,,,
83970426255634.22,,,,,,
84381461788831.33,,,,,,
84381461788831.3,,,,,,
84381461788831.25,,,,,,
84381461788831.22,,,,,,
84381461788831.19,,,,,,
84381461788831.2,,,,,,
84381461788831.22,,,,,,
84381461788831.22,,,,,,
84381461788831.23,,,,,,
84381461788831.2,,,,,,
84381461788831.19,,,,,,
84381461788831.16,,,,,,
84381461788831.12,,,,,,
84159859479615.66,,,,,,
83938257170400.17,,,,,,
83716654861184.7,,,,,,
83716654861184.72,,,,,,
83716654861184.73,,,,,,
83716654861184.75,,,,,,
83716654861184.75,,,,,,
83716654861184.77,,,,,,
83716654861184.77,,,,,,
83702857339143.17,,,,,,
83689059817101.6,,,,,,
83675262295060.0,,,,,,
83675262295060.0,,,,,,
83675262295060.0,,,,,,
83675262295060.0,,,,,,
83675262295060.0,,,,,,
83675262295060.0,,,,,,
83675262295060.0,,,,,,
83675262295060.0,,,,,,
83675262295060.0,,,,,,
83675262295060.0,,,,,,
83675262295060.0,,,,,,
83675262295060.0,,,,,,
83675262295060.0,,,,,,
82281906637717.06,,,,,,
80888550980374.11,,,,,,
79495195323031.17,,,,,,
79495195323031.17,,,,,,
79495195323031.17,,,,,,
79495195323031.17,,,,,,
79495195323031.19,,,,,,
79495195323031.22,,,,,,
79495195323031.23,,,,,,
80346039701998.4,,,,,,
81196884080965.6,,,,,,
82047728459932.77,,,,,,
82047728459932.73,,,,,,
82047728459932.69,,,,,,
82047728459932.66,,,,,,
82047728459932.67,,,,,,
82047728459932.69,,,,,,
82047728459932.72,,,,,,
82047728459932.73,,,,,,
83407783227967.1,,,,,,
84767837996001.44,,,,,,
86127892764035.78,,,,,,
87487947532070.14,,,,,,
88282586272944.11,,,,,,
89077225013818.06,,,,,,
89871863754692.03,,,,,,
90666502495566.0,,,,,,
90666502495566.0,,,,,,
90666502495566.0,,,,,,
90666502495566.0,,,,,,
90666502495566.0,,,,,,
90666502495566.0,,,,,,
90666502495566.0,,,,,,
90666502495566.0,,,,,,
89401493101631.33,,,,,,
88136483707696.67,,,,,,
86871474313762.0,,,,,,
86871474313762.0,,,,,,
86871474313762.0,,,,,,
86871474313762.0,,,,,,
86871474313762.0,,,,,,
86871474313762.0,,,,,,
86871474313762.0,,,,,,
87137953460612.7,,,,,,
87404432607463.4,,,,,,
87670911754314.1,,,,,,
87937390901164.8,,,,,,
88320959370116.42,,,,,,
88704527839068.05,,,,,,
89088096308019.67,,,,,,
89471664776971.3,,,,,,
89471664776971.31,,,,,,
89471664776971.33,,,,,,
89471664776971.34,,,,,,
89471664776971.36,,,,,,
89471664776971.34,,,,,,
89471664776971.34,,,,,,
89471664776971.33,,,,,,
89471664776971.31,,,,,,
90538301939701.14,,,,,,
91604939102430.95,,,,,,
92671576265160.8,,,,,,
92671576265160.77,,,,,,
92671576265160.72,,,,,,
92671576265160.69,,,,,,
92671576265160.7,,,,,,
92671576265160.7,,,,,,
92671576265160.72,,,,,,
92375244744732.94,,,,,,
92078913224305.14,,,,,,
91782581703877.36,,,,,,
90656521926251.58,,,,,,
89530462148625.78,,,,,,
88404402371000.0,,,,,,
88404402371000.0,,,,,,
88404402371000.0,,,,,,
88404402371000.0,,,,,,
88404402371000.0,,,,,,
88404402371000.0,,,,,,
88404402371000.0,,,,,,
88404402371000.0,,,,,,
88404402371000.0,,,,,,
89315700415371.19,,,,,,
90226998459742.36,,,,,,
91138296504113.52,,,,,,
92049594548484.72,,,,,,
92049594548484.7,,,,,,
92049594548484.69,,,,,,
92049594548484.66,,,,,,
92049594548484.64,,,,,,
92049594548484.62,,,,,,
92049594548484.6,,,,,,
92049594548484.58,,,,,,
93257297501731.05,,,,,,
94465000454977.52,,,,,,
95672703408224.0,,,,,,
95672703408224.0,,,,,,
95672703408224.0,,,,,,
95672703408224.0,,,,,,
95672703408224.0,,,,,,
95672703408224.0,,,,,,
95672703408224.0,,,,,,
95778206988701.88,,,,,,
95883710569179.77,,,,,,
95989214149657.64,,,,,,
97403621525439.4,,,,,,
98818028901221.12,,,,,,
100232436277002.88,,,,,,
101646843652784.62,,,,,,
101646843652784.62,,,,,,
101646843652784.6,,,,,,
101646843652784.6,,,,,,
101646843652784.6,,,,,,
101646843652784.6,,,,,,
101646843652784.58,,,,,,
101646843652784.56,,,,,,
101646843652784.56,,,,,,
101807484625419.42,,,,,,
101968125598054.28,,,,,,
102128766570689.14,,,,,,
102289407543324.0,,,,,,
102289407543324.0,,,,,,
102289407543324.0,,,,,,
102289407543324.0,,,,,,
102289407543324.0,,,,,,
102289407543324.0,,,,,,
102289407543324.0,,,,,,
102490511682179.38,,,,,,
102691615821034.77,,,,,,
102892719959890.12,,,,,,
103235024877090.77,,,,,,
103577329794291.38,,,,,,
103919634711492.0,,,,,,
103919634711492.0,,,,,,
103919634711492.0,,,,,,
103919634711492.0,,,,,,
103919634711492.0,,,,,,
103919634711492.0,,,,,,
103919634711492.0,,,,,,
103919634711492.0,,,,,,
103919634711492.0,,,,,,
105070387940943.5,,,,,,
106221141170395.0,,,,,,
107371894399846.5,,,,,,
108522647629298.0,,,,,,
108522647629298.0,,,,,,
108522647629298.0,,,,,,
108522647629298.0,,,,,,
108522647629298.0,,,,,,
108522647629298.0,,,,,,
108522647629298.0,,,,,,
108522647629298.0,,,,,,
108942456952500.16,,,,,,
109362266275702.34,,,,,,
109782075598904.52,,,,,,
109782075598904.56,,,,,,
109782075598904.56,,,,,,
109782075598904.6,,,,,,
109782075598904.6,,,,,,
109782075598904.6,,,,,,
109782075598904.62,,,,,,
109782075598904.6,,,,,,
109782075598904.6,,,,,,
109782075598904.6,,,,,,
109949533542840.94,,,,,,
110116991486777.3,,,,,,
110284449430713.66,,,,,,
110451907374650.0,,,,,,
110451907374650.0,,,,,,
110451907374650.0,,,,,,
110451907374650.0,,,,,,
110451907374650.0,,,,,,
110451907374650.0,,,,,,
110451907374650.0,,,,,,
110451907374650.0,,,,,,
110451907374650.0,,,,,,
109970579471162.31,,,,,,
109489251567674.64,,,,,,
109007923664186.95,,,,,,
108526595760699.28,,,,,,
108386208455515.3,,,,,,
108245821150331.3,,,,,,
108105433845147.31,,,,,,
108105433845147.31,,,,,,
108105433845147.34,,,,,,
108105433845147.36,,,,,,
108105433845147.4,,,,,,
108105433845147.44,,,,,,
108105433845147.48,,,,,,
110126046135567.66,,,,,,
112146658425987.84,,,,,,
114167270716408.0,,,,,,
114167270716408.0,,,,,,
114167270716408.0,,,,,,
114167270716408.0,,,,,,
114167270716408.0,,,,,,
114167270716408.0,,,,,,
114167270716408.0,,,,,,
114167270716408.0,,,,,,
114167270716408.0,,,,,,
113267560112544.16,,,,,,
112367849508680.31,,,,,,
111468138904816.48,,,,,,
110568428300952.64,,,,,,
110568428300952.6,,,,,,
110568428300952.58,,,,,,
110568428300952.56,,,,,,
110568428300952.52,,,,,,
